,title,views,when
0,Elephants Saved from Poaching Learn to Trust Again | Planet Earth III Behind The Scenes | BBC Earth,31K views,1 day ago
1,Elephants Saved from Poaching Learn to Trust Again | Planet Earth III Behind The Scenes | BBC Earth,31K views,1 day ago
2,Extraordinary Octopus Takes To Land | 4K UHD | The Hunt | BBC Earth,599K views,6 days ago
3,Chaotic Mating Explosion of Gliding Frogs | Planet Earth III Behind The Scenes | BBC Earth,207K views,11 days ago
4,Elephants Thrive After Poaching Ban in Zakouma | Planet Earth III Behind The Scenes | BBC Earth,52K views,2 weeks ago
5,Leopard Risks Death For Dinner | Planet Earth III | BBC Earth,1.1M views,3 weeks ago
6,Horn Shark Escapes Being Eaten Alive | Planet Earth III | BBC Earth,2.8M views,4 weeks ago
7,Impala Miraculously Escapes Jaws Of Leopard | 4KUHD | The Hunt | BBC Earth,1M views,1 month ago
8,Weddell Seals: Antarctica's Permanent Resident | Snow Animals | BBC Earth,69K views,1 month ago
9,Kangaroos Take Over Australian Golf Course | How Nature Works | BBC Earth,119K views,1 month ago
10,Brutal Stallion Mating Fight | 4K UHD | Planet Earth II | BBC Earth,57K views,1 month ago
11,Baby Orangutan and Baby Elephant Vital to Plant's Survival | How Nature Works | BBC Earth,83K views,1 month ago
12,The Relaxing Natural World Of Birds | The Wild Place | BBC Earth,72K views,2 months ago
13,The Tiny World Of Insects | BBC Earth,970K views,2 months ago
14,Teaching a Baby Dolphin How to Fish | Puck's Story Part 6 | Dolphins of Shark Bay | BBC Earth,29K views,2 months ago
15,Mother Dolphin Talking to Unborn Child | Puck's Story Part 2 | Dolphins of Shark Bay,26K views,2 months ago
16,Playful Baby Pallas's Cats Left Home Alone | Big Cats | BBC Earth,440K views,2 months ago
17,Baby Macaque Social Skills Tested by Violent Elder | Growing Up Wild | BBC Earth,236K views,3 months ago
18,Young Silverback Gorilla Makes Difficult Decision | Growing Up Wild | BBC Earth,98K views,3 months ago
19,Young Silverback Tries to Prove His Strength | Growing Up Wild | BBC Earth,136K views,3 months ago
20,Baby Ibex vs Fox on a Cliff Edge | Growing Up Wild | BBC Earth,380K views,3 months ago
21,Penguin Siblings Race For Food | Growing Up Wild | BBC Earth,54K views,3 months ago
22,Walking Fish and Fiddler Crabs Dine on a Muddy Buffet | Ganges | BBC Earth,891K views,4 months ago
23,Are Humpback Whales the Pop Stars of the Ocean? | Into The Deep | BBC Earth,106K views,4 months ago
24,Humboldt Squid Communicate with Light | Into The Deep | BBC Earth,87K views,4 months ago
25,Deep Sea Parasites Flourishing in Marine Ecosystems | Into The Deep | BBC Earth,111K views,5 months ago
26,Robots Explore the Deep Ocean I Into the Deep | BBC Earth,62K views,5 months ago
27,The Biggest Migration on the Planet | Into the Deep | BBC Earth,31K views,5 months ago
28,The Deadly Portuguese Man O' War | 4KUHD | Blue Planet II | BBC Earth,577K views,5 months ago
29,Mind-Controlling Cordyceps Turn Insects into Zombies | Bad Natured | BBC Earth,80K views,6 months ago
30,Cannibalism in Urban Fox Den | Bad Natured | BBC Earth,66K views,6 months ago
31,Mothers of the Animal Kingdom | BBC Earth,214K views,6 months ago
32,Frog Mating Foam Party | 4K UHD | Japan: Earth's Enchanted Islands | BBC Earth,185K views,6 months ago
33,Old-school David Attenborough | A Look Through The Archives | BBC Earth,54K views,7 months ago
34,Pangolins and Aardvarks Search for Termites | 4K UHD | Seven Worlds One Planet | BBC Earth,1.3M views,7 months ago
35,Baby Penguin Loses Parents | 4K UHD | Seven Worlds One Planet | BBC Earth,115K views,7 months ago
36,Roadrunner's Race Against Time | 4K UD | Seven Worlds One Planet | BBC Earth,361K views,7 months ago
37,Close Call For These Brown Bear Cubs | 4K UHD | Seven Worlds One Planet | BBC Earth,83K views,7 months ago
38,Are Underwater Farms the Future of Food? | Our Frozen Planet | BBC Earth,144K views,8 months ago
39,Wild Hamsters Thriving in Viennese Graveyards | Coexistence | BBC Earth,1.7M views,8 months ago
40,Pangolin: The World's Most Trafficked Mammal | 4KUHD | China: Nature's Ancient Kingdom | BBC Earth,238K views,8 months ago
41,The Delightful Dance of Hummingbirds | The Wild Place | Relax with Nature | BBC Earth,89K views,9 months ago
42,Filming the World’s Rarest Cats I Behind the Scenes of Frozen Planet II I BBC Earth,129K views,9 months ago
43,Pantanal: Wildfires in a Wildlife Haven | Our Frozen Planet | BBC Earth,103K views,9 months ago
44,Being a Poison Dart Frog Parent is HARD | 4K UHD | Seven Worlds One Planet | BBC Earth,3.2M views,9 months ago
45,Playtime for Young Kea Birds | Frozen Planet II | BBC Earth,9.8M views,10 months ago
46,Arctic: Our Frozen Planet Trailer | BBC Earth,58K views,10 months ago
47,Wild Dog’s Unlikely Friendship | Dogs In The Wild: Meet The Family | BBC Earth,236K views,10 months ago
48,Wild Dogs Battle For Food | Dogs In The Wild: Meet The Family | BBC Earth,3.1M views,10 months ago
49,The World's Oldest Known Bird | Earth's Tropical Islands | BBC Earth,78K views,11 months ago
50,Frog's Incredible Mating Technique | Earth's Tropical Islands | BBC Earth,72K views,11 months ago
51,Fascinating Colours of the Animal Kingdom | BBC Earth,750K views,1 year ago
52,What Global Warming Means for Caribou | Our Frozen Planet | BBC Earth,102K views,1 year ago
53,Wholesome Moments from the Natural World | BBC Earth,227K views,1 year ago
54,20 Minutes of Relaxing Nature Sounds | Our Green Planet | BBC Earth,58K views,1 year ago
55,Filming in the Frozen World | Behind The Scenes Of Frozen Planet II | BBC Earth,67K views,1 year ago
56,Can These Trapped Whales be Saved? I BBC Earth Witness I BBC Earth,65K views,1 year ago
57,Male albatrosses pair for life | Frozen Planet II | BBC Earth,239K views,1 year ago
58,World’s Grumpiest Cat | Frozen Planet II | BBC Earth,1.2M views,1 year ago
59,Incredible Orca Hunt | Frozen Planet II | BBC Earth,16M views,1 year ago
60,Are Badgers the Cleanest of Them All? | Natural World: Badgers - Secrets of The Sett | BBC Earth,37K views,1 year ago
61,Rescuing Penguin Chicks In South Africa | BBC Earth Witness | BBC Earth,32K views,1 year ago
62,How Drones Are Helping Rescue Koalas From Forest Fires | BBC Earth Witness | BBC Earth,36K views,1 year ago
63,Elephant Family Reunion | Natural World: Forest Elephants | BBC Earth,121K views,1 year ago
64,Welcome To The Elephant Oasis | Natural World Forest Elephants | BBC Earth,171K views,1 year ago
65,Cheetah Cubs Master Hunting ﻿|﻿ The Cheetah Family & Me | BBC Earth,85K views,1 year ago
66,Cheetahs Enter Stealth Mode | ﻿ The Cheetah Family & Me | BBC Earth,107K views,1 year ago
67,Baby Elephant's Struggle to Survive (Part 4) | Elephant Nomads of the Namib Desert | BBC Earth,81K views,1 year ago
68,Most Soothing Sir David Attenborough Moments | BBC Earth,369K views,1 year ago
69,Puma Risks Life to Hunt | Dynasties II | BBC Earth,852K views,1 year ago
70,Dinosaurs: Just Big Chickens? | Best of Dinosaurs | BBC Earth,140K views,1 year ago
71,Incredible Animal Escapes | BBC Earth,252K views,1 year ago
72,Why Do Lemurs Sunbathe? | Weird Animal Searches | BBC Earth,55K views,1 year ago
73,Baby Elephant's Struggle to Survive (Part 2) | Elephant Nomads of the Namib Desert | BBC Earth,92K views,1 year ago
74,Can Sloths Kill You? | Weird Animal Searches | BBC Earth,67K views,1 year ago
75,Why Do Gorillas Have Such Big Bellies? | Weird Animal Searches | BBC Earth,74K views,1 year ago
76,How Tough is the African Buffalo? | Bad Natured | BBC Earth,235K views,1 year ago
77,Leopard ﻿Seals Play With Their Food | Bad Natured | BBC Earth,79K views,1 year ago
78,"Orcas Kill, But Not Just for Food | Bad Natured | BBC Earth",1.1M views,1 year ago
79,Baby Whale Mistakes Boat For Mother | Ocean Giants | BBC Earth,228K views,1 year ago
80,"Relaxing Rivers with Lions, Crocodiles and More | ﻿﻿Earth's Great Rivers II | BBC Earth",242K views,1 year ago
81,Baby Snow Leopard in the Himalayas | Expedition Tiger | BBC Earth,99K views,1 year ago
82,Tiger Protects Her Cubs from Bear | 4K UHD | Dynasties | BBC Earth,500K views,1 year ago
83,Tiger Cub Meets Her Father for the First Time | 4K UHD | Dynasties | BBC Earth,1.2M views,1 year ago
84,Poachers Try to Capture Pangolins | Natural World | BBC Earth,74K views,1 year ago
85,Saving a Pangolin's Life | Natural World | BBC Earth,151K views,1 year ago
86,Finding Baby Seals on an Abandoned Island | After We've Gone | BBC Earth,77K views,1 year ago
87,200 Hippos Cause Mayhem in Crowded Pool | Natural World | BBC Earth,584K views,1 year ago
88,Chaos Erupts in Chimpanzee Tribe | Dynasties | BBC Earth,389K views,1 year ago
89,Alligators Take Over Nuclear Weapons Plant | Reports from the Frontline | BBC Earth,242K views,1 year ago
90,The Flower Guiding the Dead Home | The Green Planet | BBC Earth,110K views,1 year ago
91,Filming the Impossible with Drones | The Green Planet | BBC Earth,407K views,1 year ago
92,How to Bring Plants to Life on Camera | The Green Planet | BBC Earth,139K views,1 year ago
93,Sir David Attenborough Witnesses a Magical Moment | The Green Planet | BBC Earth,968K views,1 year ago
94,Baby Penguin Escapes Kidnap | Snow Chick: A Penguin's Tale | BBC Earth,512K views,1 year ago
95,Nature's Mighty Power: Wildfires | BBC Earth,49K views,1 year ago
96,Bats Dodge Crocodile Infested River | Nature's Biggest Beasts | BBC Earth,263K views,1 year ago
97,Robots Hunting for Life on Mars | Planet Explorers | BBC Earth,75K views,2 years ago
98,The Tragedy Of Deforestation | Climate Change: The Facts | BBC Earth,250K views,2 years ago
99,Filming Wildlife Documentary During Lockdown | The Mating Game | BBC Earth,60K views,2 years ago
100,The Miracle of Hatching | Attenborough's Wonder of Eggs | BBC Earth,225K views,2 years ago
101,Nature's First Line of Defence | Attenborough's Wonder of Eggs | BBC Earth,319K views,2 years ago
102,Wombats Poo Cubes! | Chris & Megs: Amaze Me | BBC Earth,52K views,2 years ago
103,The Killer Rat with Poisonous Fur | Chris & Megs: Amaze Me | BBC Earth,66K views,2 years ago
104,Can Octopuses Recognise People? | Octopus In My House | BBC Earth,476K views,2 years ago
105,Seven Superpowered Sharks | BBC Earth,65K views,2 years ago
106,"10 Million Subscribers, Thank you.",386K views,2 years ago
107,Fruit-loving Flying Foxes | Animals with Cameras 2 | BBC Earth,97K views,2 years ago
108,A Whale Saved My Life | Close Encounters | BBC Earth,5.1M views,2 years ago
109,The Hummingbirds of São Paulo | My Place On Earth | BBC Earth,96K views,2 years ago
110,The Sea Turtles of Kefalonia | My Place On Earth | BBC Earth,97K views,2 years ago
111,Baby Weasel Playtime | Weasels: Feisty & Fearless | BBC Earth,876K views,2 years ago
112,Filming Galapagos Giant Tortoise Hatchlings | Eden: Untamed Planet | BBC Earth,197K views,2 years ago
113,Sea Lion Team Hunts in Secret Cove | Eden: Untamed Planet | BBC Earth,472K views,2 years ago
114,Protecting a Penguin Colony | My Place on Earth | BBC Earth,49K views,2 years ago
115,Crab vs Eel vs Octopus | Blue Planet II | BBC Earth,3.9M views,2 years ago
116,Stingray Ambushes Army Of Crabs | Blue Planet II | BBC Earth,6.4M views,2 years ago
117,Sharks Feast On Whale | Blue Planet II | BBC Earth,2.2M views,2 years ago
118,The Antarctic's Terrifying Predator | Wild Stories | BBC Earth,677K views,2 years ago
119,The Sex-Shifting Fish | Blue Planet II | BBC Earth,1.7M views,2 years ago
120,Cities That Are Saving The Planet | Planet Earth II | BBC Earth,687K views,2 years ago
121,Arctic Wolf Hunts Baby Caribou | Planet Earth II | BBC Earth,515K views,2 years ago
122,The Blind Assassin of the Desert | Planet Earth II | BBC Earth,793K views,2 years ago
123,Ferocious Hornet Moments | Top 5 | BBC Earth,1.7M views,2 years ago
124,Filming Birds of Paradise | Wild Stories | BBC Earth,123K views,2 years ago
125,Filming Lions Hunting Elephants | Wild Stories | BBC Earth,109K views,2 years ago
126,Reintroducing The Elusive Otter | Wild Rescue | BBC Earth,104K views,2 years ago
127,Ants Ingenious Survival Method During Flood | Superswarm | BBC Earth,951K views,2 years ago
128,Incredible Dolphin Moments | BBC Earth,2.2M views,2 years ago
129,ONE HOUR of Amazing Animal Moments | BBC Earth,16M views,2 years ago
130,Snow Leopards: Ghosts in the Snow (Full Episode) | Part 2 | BBC Earth,123K views,2 years ago
131,Are Humans Smarter Than Animals? | Animal Einsteins | BBC Earth,82K views,2 years ago
132,Saving Water Voles From Extinction | Wild Rescue | BBC Earth,83K views,2 years ago
133,Botfly Larvae Removed From Monkey's Neck | Jungle Animal Hospital | BBC Earth,150K views,2 years ago
134,Flying Spiders! | Animal Einsteins | BBC Earth,256K views,2 years ago
135,Fireflies: Nature's Femme Fatales | Animal Einsteins | BBC Earth,76K views,2 years ago
136,Do Animals Feel Empathy? | Animal Einsteins | BBC Earth,104K views,2 years ago
137,Best Lion Moments Part 2 | Top 5 | BBC Earth,177K views,2 years ago
138,Animals Of The ABC Islands | Wild Caribbean | BBC Earth,1.3M views,2 years ago
139,5 Reasons Ants Are Amazing | BBC Earth,139K views,2 years ago
140,Bully Bottlenose Dolphins | Wild Caribbean | BBC Earth,100K views,2 years ago
141,Bizarre Mating Ritual Of The Frigatebird | Wild Caribbean | BBC Earth,460K views,2 years ago
142,Top 5 Killer Crocodile Moments | BBC Earth,7.3M views,2 years ago
143,Baby Elephant Plays In The Sand | Secret Life Of Elephants | BBC Earth,464K views,2 years ago
144,Collaring A Massive Bull Elephant | Secret Life Of Elephants | BBC Earth,79K views,2 years ago
145,Injured Elephant Calf Finds A Supportive Herd | Secret Life Of Elephants | BBC Earth,110K views,2 years ago
146,Fire and Feast | A Perfect Planet | BBC Earth,1M views,2 years ago
147,Arctic Wolf Hunts Drove of Arctic Hares | A Perfect Planet | BBC Earth,962K views,2 years ago
148,Kilauea Volcano Eruption | A Perfect Planet | BBC Earth,2.1M views,2 years ago
149,How Climate Change Affects Penguin Life | Natural World: Penguins of the Antarctic | BBC Earth,137K views,2 years ago
150,A Collection Of Summer Moments | BBC Earth,115K views,2 years ago
151,The Greatest Mammal Migration | Waterhole: Africa's Animal Oasis | BBC Earth,92K views,2 years ago
152,Young Hyena Breaks Camera | Waterhole: Africa's Animal Oasis | BBC Earth,42K views,2 years ago
153,Building The Waterhole (Behind The Scenes) | Waterhole: Africa's Animal Oasis | BBC Earth,106K views,2 years ago
154,A Perfect Planet: Extended Trailer | New David Attenborough Series | BBC Earth,598K views,3 years ago
155,New-born Amur Leopards | Nature's Miracle Babies | BBC Earth,114K views,3 years ago
156,Chameleon PUNCHES Fly With Its Tongue | Walk On The Wild Side | Funny Talking Animals | BBC Earth,147K views,3 years ago
157,Open Wide! A Capuchin Visits The Dentist | Walk On The Wild Side | Funny Talking Animals | BBC Earth,218K views,3 years ago
158,Wild Puma Plays like a Kitten | The Dark: Nature's Nighttime World | BBC Earth,143K views,3 years ago
159,Slow Down With Snow Monkeys - Rest | Mindful Escapes | BBC Earth,253K views,3 years ago
160,Letting Go With Lemurs - Breathe | Mindful Escapes | BBC Earth,95K views,3 years ago
161,Chimpanzees Go Shopping | Walk On The Wild Side | Funny Talking Animals | BBC Earth,341K views,3 years ago
162,Vampire Bat Colony Found In Abandoned Hut | The Dark: Nature's Nighttime World | BBC Earth,92K views,3 years ago
163,Jaguar Approaches Lone Camerawoman | The Dark: Nature's Nighttime World | BBC Earth,106K views,3 years ago
164,Net-Casting Spider Ensnares Prey | The Dark: Nature's Nighttime World | BBC Earth,148K views,3 years ago
165,Releasing Rescued Animals Back Into The Wild | BBC Earth,386K views,3 years ago
166,Feeding 39 Hungry Moon Bears Takes A Military-Style Mission! | BBC Earth,199K views,3 years ago
167,"Spend A Day On The Plains Of Zimbabwe | Relax, Mediation, Sleep | BBC Earth",91K views,3 years ago
168,Orphan Sun Bear Gets A New Chance At Life | Bears About The House | BBC Earth,151K views,3 years ago
169,Puppy Adopted By Cat Mother | Pets Wild At Heart | BBC Earth,1.6M views,3 years ago
170,Japanese Bees Swarm Orchid | Buddha Bees and The Giant Hornet Queen | BBC Earth,119K views,3 years ago
171,The Life Story Collection - Part 1 | BBC Earth,174K views,3 years ago
172,Best Of Ants | BBC Earth,3.9M views,3 years ago
173,The Heroes Saving Our Closest Cousins From Extinction | Primates | BBC Earth,94K views,3 years ago
174,Top 5 Animal Adaptations | BBC Earth,2.1M views,3 years ago
175,"Baby Turtles Hatch And Face A Perilous Race To The Ocean | VR 360 | Seven Worlds, One Planet",600K views,3 years ago
176,Parenthood Is Tough For A Squirrel-Sized Monkey! | Primates | BBC Earth,275K views,3 years ago
177,Monkeys DIVE Into Pool For Fun | Primates | BBC Earth,314K views,3 years ago
178,BBC Earth 50 Top Natural History Moments | 20-11,4.3M views,3 years ago
179,Russian Hamster Vs. Hamster Wheel! | Pets: Wild At Heart | BBC Earth,2.2M views,3 years ago
180,The Cutest Elephant Moments | Top 5 | BBC Earth,644K views,3 years ago
181,The Best Whale Moments Captured on Film | Top 5 | BBC Earth,3M views,3 years ago
182,Top 5 David Attenborough Moments | BBC Earth,8.9M views,3 years ago
183,Monkeys Sound Alarm To Save Deer From A Tiger | Life | BBC Earth,1.1M views,3 years ago
184,Powerful Eagle Hunts Robot Hare | Super Powered Eagles | BBC Earth,351K views,3 years ago
185,The Planet Earth Collection - Part 1 | Top 5 | BBC Earth,789K views,3 years ago
186,Bombardier Beetle Sprays Acid From Its Rear | Life | BBC Earth,10M views,3 years ago
187,Best Lion Moments: Part 1 | Top 5 | BBC Earth,3.3M views,3 years ago
188,Why Do We Find Deadly Animals So Loveable? | The Science of Cute | BBC Earth,85K views,3 years ago
189,Tiny Guillemot Chick's Death-Defying First Flight | BBC Earth,551K views,3 years ago
190,The Greatest Fights In The Animal Kingdom | Top 5 | BBC Earth,31M views,3 years ago
191,Cheetah vs Greyhound Speed Test | BBC Earth,2.2M views,3 years ago
192,Top 5 Funniest Animal Outtakes | BBC Earth,444K views,3 years ago
193,5 Animals You Didn't Know Existed | BBC Earth,2.5M views,3 years ago
194,Poppy The Baby Chimp Has A Huge Smile | BBC Earth,1.6M views,3 years ago
195,Magical Finland Sleigh Ride! | Reindeer Family and Me | BBC Earth,310K views,3 years ago
196,This 67 Year Old Bird Could Be The Oldest In The World | BBC Earth,367K views,3 years ago
197,How The Moon Affects Our Lives On Earth | Space on Earth | BBC Earth,79K views,3 years ago
198,Baby Chimps Learn How To Climb | BBC Earth,685K views,3 years ago
199,Meet The Lightning Bug Lady of Tennessee | BBC Earth Podcast,88K views,3 years ago
200,Best Snow Animals | Top 5 | BBC Earth,203K views,3 years ago
201,Baby Penguin Annoys Neighbour | Penguin Post Office | BBC Earth,187K views,3 years ago
202,14 Tips On How To Have A Sustainable Christmas | BBC Earth,25K views,3 years ago
203,Unwind In A Forest In The Scottish Highlands | VR 180 | BBC Earth,151K views,3 years ago
204,"Do You Have What It Takes To Be A Wildlife Filmmaker? | Seven Worlds, One Planet | BBC Earth",629K views,3 years ago
205,"Why Are Flamingos Pink? | Seven Worlds, One Planet | BBC Earth",84K views,3 years ago
206,"Big Cats Are JUST Like Little Cats | Seven Worlds, One Planet | BBC Earth",638K views,3 years ago
207,"Polar Bear Water Fight | Seven Worlds, One Planet | BBC Earth",72K views,4 years ago
208,"Wild Hamster Has A Graveyard Feast | Seven Worlds, One Planet | BBC Earth",5.4M views,4 years ago
209,Best of Australian Animals | Top 5 | BBC Earth,309K views,4 years ago
210,"Cute Baby Wombat finds some Food | Seven Worlds, One Planet | BBC Earth",204K views,4 years ago
211,"Adorable Tamarins Face Extinction from Deforestation | Seven Worlds, One Planet | BBC Earth",100K views,4 years ago
212,What to do if you see a polar bear | From Plant To Planet | BBC Earth,60K views,4 years ago
213,"When Lions Work Together, They're Unstoppable Predators | Wild Files with Maddie Moate | BBC Earth",143K views,4 years ago
214,"Snow Monkey Families In Battle | Seven Worlds, One Planet | BBC Earth",933K views,4 years ago
215,"The Monkey With Blue Skin and No Nose | Seven Worlds, One Planet | BBC Earth",282K views,4 years ago
216,"Penguins Might be Cute, but They're Also Super Gross | Seven Worlds, One Planet | BBC Earth",5.8M views,4 years ago
217,"Chinstrap Penguins Chase Off Daring Egg Thief | Seven Worlds, One Planet | BBC Earth",113K views,4 years ago
218,Plants Dying Actually Helps Them to Survive | From Plant to Planet with Nellie Nilsen | BBC Earth,27K views,4 years ago
219,Sleepy Harbour Seals and Adorable Pups! | The Science Of Cute | BBC Earth,134K views,4 years ago
220,Elephants' Incredible Intelligence | Wild Files with Maddie Moate | BBC Earth,933K views,4 years ago
221,Seal Swims into City Canal | London's Wild Side | BBC Earth,129K views,4 years ago
222,Ants vs Crab | Natural World: Ant Attack | BBC Earth,911K views,4 years ago
223,Crayfish Turf Wars | London's Wild Side | BBC Earth,96K views,4 years ago
224,Why Are Zebras Black and White? | Wild Lands: South Africa | BBC Earth,96K views,4 years ago
225,Giraffe's Blue Tongues | Wild Lands: South Africa | BBC Earth,94K views,4 years ago
