,title,href,Date
0,"हल्ला बोल: मणिपुर पर चर्चा को लेकर संसद में सिर्फ संग्राम, आखिर कब होगा काम?",https://www.aajtak.in/programmes/halla-bol/video/parliament-monsoon-session-adjourned-again-as-oppn-and-centre-fight-continues-over-no-confidence-motion-and-manipur-violence-1745960-2023-07-28,2023-07-28
1,"Halla Bol: विपक्ष ने मणिपुर पर सरकार को घेरा, PM मोदी ने दिया QUIT INIDA का नारा",https://www.aajtak.in/programmes/halla-bol/video/pm-modi-in-sikar-rajasthan-mocks-oppn-by-quit-india-attacks-gehlot-over-red-diary-1745268-2023-07-27,2023-07-27
2,"हल्ला बोल: विपक्ष का लोकसभा में अविश्वास प्रस्ताव, मोदी सरकार दे पाएगी जवाब?",https://www.aajtak.in/programmes/halla-bol/video/opposition-congress-no-confidence-motion-in-lok-sabha-against-modi-government-1744627-2023-07-26,2023-07-26
3,हल्ला बोल: मणिपुर की लड़ाई अविश्वास प्रस्ताव तक आई ,https://www.aajtak.in/programmes/halla-bol/video/pm-modi-slams-the-opposition-indian-mujahideen-remark-india-vs-nda-manipur-violence-1744293-2023-07-26,2023-07-26
4,विपक्षी गठबंधन के नाम पर जारी घमासान को लेकर देखें 'हल्ला बोल',https://www.aajtak.in/programmes/halla-bol/video/pm-modi-attacked-opposition-over-name-of-new-alliance-india-congress-president-kharge-responds-back-1743741-2023-07-25,2023-07-25
5,"हल्ला बोल: लाल डायरी को लेकर दावा, पूर्व मंत्री के आरोप का सच क्या?",https://www.aajtak.in/programmes/halla-bol/video/former-rajasthan-state-minister-rajendra-gudha-reached-assembly-with-a-red-diary-alleged-ashok-gehlot-1742949-2023-07-24,2023-07-24
6,"हल्ला बोल: लगातार हमलावर विपक्ष, फिर हंगामे की भेंट चढ़ेगी संसद?",https://www.aajtak.in/programmes/halla-bol/video/monsoon-session-of-parliament-uproar-over-manipur-issue-proceedings-of-lok-sabha-stopped-twice-debate-1742280-2023-07-23,2023-07-23
7,"हल्ला बोल: मणिपुर पर चर्चा के लिए सरकार तैयार, तो विपक्ष क्यों कर रहा हंगामा? ",https://www.aajtak.in/programmes/halla-bol/video/manipur-violence-viral-video-rajnath-singh-attacks-oppn-parliament-adjourned-after-ruckus-1741176-2023-07-21,2023-07-21
8,हल्ला बोल: मणिपुर से राजस्थान तक बेटियों पर अत्याचार फिर भी चुप रही सरकार,https://www.aajtak.in/programmes/halla-bol/video/manipur-naked-women-paraded-cm-n-biren-singh-resignation-teared-congress-bjp-fight-over-issue-1740395-2023-07-20,2023-07-20
9,हल्ला बोल: विपक्षी गठबंधन के नाम पर मचा सियासी संग्राम ,https://www.aajtak.in/programmes/halla-bol/video/opposition-announced-the-name-india-for-its-alliance-2024-elections-politics-news-nda-bjp-1739591-2023-07-19,2023-07-19
10,"हल्ला बोल: 24 में आमने-सामने गठबंधन, पूरी लड़ाई 2 गुटों में तब्दील!",https://www.aajtak.in/programmes/halla-bol/video/2024-lok-sabha-election-preparation-at-full-swing-modi-government-increasing-clan-opposition-grand-alliance-1738745-2023-07-18,2023-07-18
11,"बेंगलुरु में विपक्षी एकता का महामंच, क्या होगा सीट शेयरिंग फॉर्मूला?",https://www.aajtak.in/programmes/halla-bol/video/opposition-clan-against-bjp-getting-bigger-mdmk-kdmk-vck-rsp-muslim-league-and-more-to-participate-in-meet-bengaluru-1737201-2023-07-16,2023-07-16
12,यमुना के पानी से कैसे डूबी राजधानी? दिल्ली की बाढ़ पर 'हल्लाबोल',https://www.aajtak.in/programmes/halla-bol/video/congress-raised-questions-on-pm-modi-france-visit-over-delhi-floods-aap-vs-bjp-tension-between-lg-kejriwal-1735968-2023-07-14,2023-07-14
13,बिहार: लाठी की मार है...नीतीशे कुमार हैं! देखें हल्ला बोल,https://www.aajtak.in/programmes/halla-bol/video/lathicharge-in-bihar-nitish-kumar-to-hold-the-responsibility-latest-news-in-hindi-1735242-2023-07-13,2023-07-13
14,हल्ला बोल: 2024 से पहले विपक्ष की मोर्चाबंदी...बीजेपी की घेराबंदी!,https://www.aajtak.in/programmes/halla-bol/video/2024-elections-opposition-and-bjp-ready-to-beat-each-other-congress-news-in-hindi-1734466-2023-07-12,2023-07-12
15,"हल्ला बोल: दिल्ली बारिश में बेहाल, कुदरत या सरकार, कौन जिम्मेदार?",https://www.aajtak.in/programmes/halla-bol/video/delhi-heavy-rainfall-waterlogged-in-several-areas-road-collapse-in-two-vvip-roads-of-national-capital-1733637-2023-07-11,2023-07-11
16,हल्ला बोल: पश्चिम बंगाल की 'रक्तचरित्र' सियासत का अंत कब?,https://www.aajtak.in/programmes/halla-bol/video/west-bengal-panchayat-election-violence-continued-until-ballot-boxes-were-sealed-who-is-responsible-1732918-2023-07-10,2023-07-10
17,"हल्ला बोल: विपक्ष की आपस में ही आर-पार, 24 में कैसे बनेगी बात?",https://www.aajtak.in/programmes/halla-bol/video/2024-elections-all-parties-putting-effort-opposition-making-efforts-for-unity-but-coordination-still-missing-1732204-2023-07-09,2023-07-09
18,हल्ला बोल: फिलहाल राहुल की संसद सदस्यता नहीं होगी बहाल,https://www.aajtak.in/programmes/halla-bol/video/rahul-gandhi-high-court-termed-congress-leader-statement-an-attempt-to-influence-election-dismissed-petition-1731129-2023-07-07,2023-07-07
19,"हल्ला बोल: NCP के नाम और निशान की लड़ाई, कौन मारेगा बाजी?",https://www.aajtak.in/programmes/halla-bol/video/maharashtra-political-crisis-update-ajit-vs-sharad-pawar-fight-over-ncp-name-and-symbol-1730445-2023-07-06,2023-07-06
20,हल्ला बोल: वर्चस्व की लड़ाई में अजित पड़े चाचा शरद पवार पर भारी ,https://www.aajtak.in/programmes/halla-bol/video/maharashtra-political-crisis-update-sharad-vs-ajit-pawar-show-strength-ncp-split-news-1729612-2023-07-05,2023-07-05
21,"महाराष्ट्र में पूरा हुआ मिशन, बिहार में शुरू ऑपरेशन, देखें हल्ला बोल ",https://www.aajtak.in/programmes/halla-bol/video/bjp-mission-completed-in-maharashtra-next-target-bihar-operation-lotus-started-1728857-2023-07-04,2023-07-04
22,"घर में ही फंसे शरद पवार, विपक्ष करे हाहाकार! देखें हल्ला बोल",https://www.aajtak.in/programmes/halla-bol/video/maharashtra-political-ruckus-how-sharad-pawar-will-do-damage-control-1727993-2023-07-03,2023-07-03
23,हल्ला बोल: महाराष्ट्र की सियासत ने विपक्ष का खेल खराब कर दिया?,https://www.aajtak.in/programmes/halla-bol/video/maharashtra-politics-ajit-pawar-rebellion-in-nationalist-congress-party-joined-shinde-government-camp-1727318-2023-07-02,2023-07-02
24,हल्ला बोल: क्या विपक्षी एकजुटता 2024 के लोकसभा चुनाव तक कायम रहेगी?,https://www.aajtak.in/programmes/halla-bol/video/amit-shah-lashed-out-at-nitish-kumar-accused-him-of-betraying-bjp-will-opposition-unity-last-until-2024-1726123-2023-06-30,2023-06-30
25,"हल्ला बोल: UCC के मुद्दे पर कौन साथ खड़ा, कौन विरोध में अड़ा?",https://www.aajtak.in/programmes/halla-bol/video/bjp-preparations-started-to-bring-in-uniform-civil-code-before-2024-lok-sabha-election-debate-1725410-2023-06-29,2023-06-29
26,गठबंधन की नींव कितनी मजबूत? जारी रहेगा मतभेद या दिखेगी एकजुटता; देखें हल्ला बोल,https://www.aajtak.in/programmes/halla-bol/video/2024-lok-sabha-elections-opposition-to-meet-in-shimla-will-it-unite-in-monsoon-session-1724748-2023-06-28,2023-06-28
27,"हल्ला बोल: मोदी ने गिनाए घोटाले, MP के मैदान में किस तरह का गेम?",https://www.aajtak.in/programmes/halla-bol/video/pm-modi-in-madhya-pradesh-hits-opposition-over-corruption-big-debate-with-anjana-om-kashyap-bjp-congress-1723900-2023-06-27,2023-06-27
28,हिंदुत्व पर छिड़ा घमासान.... 2024 की 'राह' किसकी होगी आसान? देखें हल्ला बोल ,https://www.aajtak.in/programmes/halla-bol/video/2024-elections-heats-up-political-parties-competition-intensifies-over-hindutava-congress-vs-bjp-1722535-2023-06-25,2023-06-25
29,क्या समान नागरिक संहिता के जरिए BJP कर रही ध्रुवीकरण की राजनीति? देखें हल्ला बोल,https://www.aajtak.in/programmes/halla-bol/video/bjp-using-uniform-civil-code-for-winning-2024-election-or-doing-social-reform-political-debate-1722053-2023-06-24,2023-06-24
30,अमेरिका में पीएम के बयान पर भारत में विपक्ष का बखेड़ा! देखें हल्ला बोल,https://www.aajtak.in/programmes/halla-bol/video/pm-modi-in-us-over-state-visit-opposition-targeting-over-democracy-latest-news-in-hindi-1721546-2023-06-23,2023-06-23
31,"अमेरिका दौरे का सबसे अहम दिन, होगी सबसे बड़ी डील, मोदी रचेंगे इतिहास",https://www.aajtak.in/programmes/halla-bol/video/most-important-day-of-america-tour-biggest-deal-to-be-signed-pm-modi-will-create-history-1720804-2023-06-22,2023-06-22
32,"दुनिया देखेगी हिंदुस्तान का दम, जब मिलेंगे मोदी-बाइडेन... देखें हल्ला बोल ",https://www.aajtak.in/programmes/halla-bol/video/world-will-see-power-of-india-when-pm-modi-us-president-joe-biden-meet-pakistan-china-1719385-2023-06-20,2023-06-20
33,"US में होगा भारत की ताकत का एहसास, मोदी जितना लोकप्रिय कोई नहीं?",https://www.aajtak.in/programmes/halla-bol/video/people-of-indian-community-took-out-unity-rally-in-washington-ahead-of-pm-modi-usa-tour-debate-1718632-2023-06-19,2023-06-19
34,"MP में कांग्रेस के साथ बजरंग सेना का विलय, कर्नाटक में फर्क क्यों?",https://www.aajtak.in/programmes/halla-bol/video/congress-party-different-stand-over-hindutva-in-karnataka-election-and-madhya-pradesh-debate-1718000-2023-06-18,2023-06-18
35,पॉलिटिकल स्टॉक एक्सचेंज: 'फ्री' वाली योजनाओं का सरकार पर कितना बोझ?,https://www.aajtak.in/programmes/halla-bol/video/political-parties-focus-on-promises-of-freebies-how-much-burden-of-free-schemes-on-government-analysis-1717464-2023-06-17,2023-06-17
36,"हल्ला बोल: बदला नेहरू मेमोरियल का नाम, कांग्रेस का बीजेपी पर हमला!",https://www.aajtak.in/programmes/halla-bol/video/nehru-memorial-to-be-known-as-prime-minister-memorial-congress-furious-over-modi-government-decision-debate-1716893-2023-06-16,2023-06-16
37,हल्ला बोल: किसी भी वक्त गुजरात के तट से टकरा सकता है बिपरजॉय ,https://www.aajtak.in/programmes/halla-bol/video/cyclone-biparjoy-live-updates-and-location-landfall-soon-in-gujarat-kutch-saurashtra-sea-tides-1716147-2023-06-15,2023-06-15
38,"हल्ला बोल: बंगाल में चुनावी हिंसा कर कौन रहा है, मकसद क्या?",https://www.aajtak.in/programmes/halla-bol/video/election-violence-tension-in-west-bengal-continuous-chaos-during-nomination-party-workers-attacking-each-other-1715427-2023-06-14,2023-06-14
39,हल्ला बोल: सरकार ने ट्विटर को भारत में बंद करने की चेतावनी दी थी?,https://www.aajtak.in/programmes/halla-bol/video/former-twitter-ceo-jack-dorsey-accused-indian-government-of-threatening-during-farmers-movement-debate-1714758-2023-06-13,2023-06-13
40,हल्ला बोल: क्या 2024 में BJP को हराने के लिए एकजुट रह पाएगा विपक्ष?,https://www.aajtak.in/programmes/halla-bol/video/opposition-meeting-in-patna-nitish-kumar-kejriwal-to-fight-against-pm-modi-bjp-2024-elections-1714056-2023-06-12,2023-06-12
41,"हल्ला बोल: विपक्षी एकता की तैयारी, कितनी भारी? देखिए बड़ी बहस",https://www.aajtak.in/programmes/halla-bol/video/opposition-parties-meeting-going-to-be-held-in-patna-on-june-23-congress-president-will-also-president-1713389-2023-06-11,2023-06-11
42,हल्ला बोल: विपक्ष की 'एकता' वाली तैयारी कितनी भारी?,https://www.aajtak.in/programmes/halla-bol/video/rahul-gandhi-on-america-tour-attacks-modi-government-bjp-retaliates-on-his-statement-debate-1712322-2023-06-09,2023-06-09
43,"हल्ला बोल: राहुल गांधी का US में बीजेपी पर वार, सियासी आर-पार ",https://www.aajtak.in/programmes/halla-bol/video/bjp-and-congress-spar-over-rahul-gandhi-remarks-on-modi-government-in-us-speech-politics-news-1711614-2023-06-08,2023-06-08
44,"हल्ला बोल: औरंगजेब के नाम पर फिर विवाद, सुलगा महाराष्ट्र का कोल्हापुर ",https://www.aajtak.in/programmes/halla-bol/video/maharashtra-violence-breaks-out-in-kolhapur-over-aurangzeb-whatsappa-status-halla-bol-1710932-2023-06-07,2023-06-07
45,हल्ला बोल: बालासोर रेल हादसे में लापरवाही हुई या फिर कोई साजिश?,https://www.aajtak.in/programmes/halla-bol/video/balasore-odisha-train-accident-negligence-or-conspiracy-politics-happening-on-both-angles-debate-1710225-2023-06-06,2023-06-06
46,"हल्ला बोल: विदेश से राहुल का प्रहार, बीजेपी-कांग्रेस में बड़ी टक्कर!",https://www.aajtak.in/programmes/halla-bol/video/rahul-gandhi-attacks-bjp-modi-government-on-his-us-tour-made-several-allegations-over-ideology-debate-1709533-2023-06-05,2023-06-05
47,हल्ला बोल: बालासोर रेल हादसे में 1000 से ज्यादा लोग घायल,https://www.aajtak.in/programmes/halla-bol/video/balasore-train-accident-odisha-people-are-in-pain-politics-also-gaining-momentum-opposition-attacks-bjp-1708454-2023-06-03,2023-06-03
48,"हल्ला बोल: राहुल ने मुस्लिम लीग को बताया सेक्युलर, छिड़ा सियासी राग!",https://www.aajtak.in/programmes/halla-bol/video/rahul-gandhi-national-press-club-washington-dc-said-muslim-league-is-a-secular-party-debate-1707934-2023-06-02,2023-06-02
49,"हल्ला बोल: साक्षी मर्डर केस में 'लव जिहाद' की एंट्री, सियासी बयानबाजी",https://www.aajtak.in/programmes/halla-bol/video/sakshi-murder-case-delhi-love-jihad-angle-investigation-by-delhi-police-politics-news-1707291-2023-06-01,2023-06-01
50,"हल्ला बोल: राहुल गांधी का PM मोदी पर बड़ा वार, बीजेपी का पलटवार ",https://www.aajtak.in/programmes/halla-bol/video/bjp-hit-back-at-congress-over-rahul-gandhi-remarks-on-pm-modi-in-us-politics-news-1706588-2023-05-31,2023-05-31
51,हल्ला बोल: बृजभूषण को पटखनी देने के लिए पहलवानों का सबसे बड़ा दांव!,https://www.aajtak.in/programmes/halla-bol/video/wrestlers-protesting-against-brij-bhushan-singh-reached-haridwar-from-delhi-to-shed-medals-in-river-ganges-1705911-2023-05-30,2023-05-30
52,हल्ला बोल: मर्यादा..गरिमा भूल...संस्कार भी भूल गई नीतीश की पार्टी!,https://www.aajtak.in/programmes/halla-bol/video/jdu-angry-that-person-whom-they-sent-to-rajya-sabha-went-to-attend-inauguration-of-new-parliament-debate-1705113-2023-05-29,2023-05-29
53,"हल्ला बोल: RJD का ताबूत बाण, नई संसद का क्यों अपमान?",https://www.aajtak.in/programmes/halla-bol/video/prime-minister-narendra-modi-inaugurated-new-parliament-house-rjd-boycott-made-objectionable-tweet-debate-1704457-2023-05-28,2023-05-28
54,"9 साल में कहां पहुंची सरकार, क्या है अर्थव्यवस्था...महंगाई का हाल?",https://www.aajtak.in/programmes/halla-bol/video/narendra-modi-bjp-government-completed-9-years-debate-over-economy-health-education-agriculture-inflation-1703941-2023-05-27,2023-05-27
55,"अब बचे 2 दिन, उद्घाटन होगा विपक्ष बिन? नई संसद भवन से 'हल्ला बोल'",https://www.aajtak.in/programmes/halla-bol/video/opposition-boycott-inauguration-of-new-parliament-by-pm-narendra-modi-on-may-28-demands-president-invitation-1703317-2023-05-26,2023-05-26
56,"हल्ला बोल: नई संसद के उद्घाटन का बहिष्कार, विपक्ष ने 2024 के लिए भरी हुंकार?",https://www.aajtak.in/programmes/halla-bol/video/congress-and-many-opposition-parties-to-boycott-opening-of-new-parliament-politics-news-1702596-2023-05-25,2023-05-25
57,"नए संसद के उद्घाटन पर आर-पार, विपक्ष का वहिष्कार",https://www.aajtak.in/programmes/halla-bol/video/on-the-inauguration-of-new-parliament-by-pm-modi-boycott-of-opposition-latest-news-in-hindi-1701857-2023-05-24,2023-05-24
58,दुनिया में PM के बढ़ते कद पर देखिए 'हल्ला बोल' में बड़ी चर्चा,https://www.aajtak.in/programmes/halla-bol/video/prime-minister-narendra-modi-addressed-people-of-india-origin-in-sydney-australia-speaks-about-development-1701022-2023-05-23,2023-05-23
59,"हल्ला बोल: नई संसद है तैयार, बीजेपी और कांग्रेस में आर-पार!",https://www.aajtak.in/programmes/halla-bol/video/pm-modi-will-inaugurate-new-building-of-parliament-on-28-may-congress-raised-questions-debate-1700259-2023-05-22,2023-05-22
60,"हल्ला बोल: '24' की चुनावी तैयारी, विपक्षी एकता कितनी भारी?",https://www.aajtak.in/programmes/halla-bol/video/2024-lok-sabha-election-opposition-unity-will-prove-heavy-on-bjp-pm-modi-or-not-debate-1699595-2023-05-21,2023-05-21
61,हल्ला बोल: विपक्ष के एकता-प्लान में अभी कितना पलीता? देखें बड़ी बहस,https://www.aajtak.in/programmes/halla-bol/video/congress-victory-in-karnataka-opposition-spirits-are-high-attempt-to-pain-picture-of-unity-in-bengaluru-debate-1699045-2023-05-20,2023-05-20
62,संसद की नई इमारत पर हो रही सियासत के खिलाफ 'हल्लाबोल',https://www.aajtak.in/programmes/halla-bol/video/pm-modi-will-inaugurate-new-building-of-parliament-on-28-may-congress-attacks-bjp-calls-it-personal-ambition-1698443-2023-05-19,2023-05-19
63,"सोनिया ने घुमाया फोन..बनी बात! सिद्धारमैया होंगे CM, डिप्टी शिवकुमार",https://www.aajtak.in/programmes/halla-bol/video/karnataka-chief-minister-decision-finally-taken-congress-convinced-dk-shivakumar-to-consider-deputy-cm-post-debate-1697621-2023-05-18,2023-05-18
64,हल्ला बोल: कर्नाटक नतीजों के बाद बीजेपी ने बदली रणनीति ,https://www.aajtak.in/programmes/halla-bol/video/bjp-changes-strategy-for-upcoming-elections-after-congress-win-in-karnataka-poll-results-1696898-2023-05-17,2023-05-17
65,हल्ला बोल: विपक्ष में एकता का दिखावा लेकिन अनेकता खत्म नहीं होती?,https://www.aajtak.in/programmes/halla-bol/video/karnataka-congress-victory-mamata-banerjee-offered-support-for-2024-with-one-condition-more-updates-debate-1696164-2023-05-16,2023-05-16
66,कर्नाटक: जीत के बाद भी कांग्रेस परेशान! CM की लड़ाई पर 'हल्ला बोल',https://www.aajtak.in/programmes/halla-bol/video/congress-2-contenders-for-post-of-cm-in-karnataka-picture-still-not-clear-despite-of-big-win-in-election-1695421-2023-05-15,2023-05-15
67,कर्नाटक की तरह 2024 में BJP को केंद्र से बेदखल किया जा सकता है?,https://www.aajtak.in/programmes/halla-bol/video/congress-mla-meet-in-bengaluru-maharashtra-mahavikas-aghadi-meeting-mumbai-two-big-political-upheavals-debate-1694846-2023-05-14,2023-05-14
68,"कांग्रेस की जीत से विपक्ष को संजीवनी, 2024 के नतीजों पर पड़ेगा फर्क?",https://www.aajtak.in/programmes/halla-bol/video/karnataka-congress-got-much-awaited-victory-added-some-life-to-exhausted-opposition-parties-debate-1694366-2023-05-13,2023-05-13
69,हल्ला बोल: नतीजों से पहले दावों का शोर! कर्नाटक में किसका चलेगा जोर?,https://www.aajtak.in/programmes/halla-bol/video/karnataka-assembly-election-2023-counting-of-votes-to-take-place-on-saturday-both-bjp-congress-claims-victory-1693591-2023-05-12,2023-05-12
70,"सुरक्षित शिंदे सरकार, राज्यपाल और स्पीकर पर उठे सवाल, देखें हल्ला बोल ",https://www.aajtak.in/programmes/halla-bol/video/maharashtra-shinde-government-safe-questions-raised-on-governor-and-speaker-1692918-2023-05-11,2023-05-11
71,'द केरल स्टोरी' को लेकर आप किस साइड खड़े हैं? देखें हल्ला बोल,https://www.aajtak.in/programmes/halla-bol/video/the-kerala-story-divided-into-two-sections-of-society-bjp-vs-congress-halla-bol-1691391-2023-05-09,2023-05-09
72,किसके वादों कर्नाटक की जनता करने वाली है भरोसा? देखें हल्ला बोल,https://www.aajtak.in/programmes/halla-bol/video/karnataka-election-2023-election-campaign-stopped-bjp-sankalp-patra-vs-congress-manifesto-1690700-2023-05-08,2023-05-08
73,"हल्ला बोल: कर्नाटक चुनाव में किसकी होगी जीत, किसका काम तमाम?",https://www.aajtak.in/programmes/halla-bol/video/karnataka-assembly-election-2023-bjp-vs-congress-politics-on-abuse-bajrang-bali-pfi-and-more-1690062-2023-05-07,2023-05-07
74,हल्ला बोल: कर्नाटक में फिर से बीजेपी को सत्ता दिलवा पाएंगे मोदी?,https://www.aajtak.in/programmes/halla-bol/video/pm-modi-took-lead-on-behalf-of-bjp-in-karnataka-assembly-election-constantly-attacking-congress-debate-1688942-2023-05-05,2023-05-05
75,बजरंग दल की पाबंदी को बजरंग बली से जोड़ना कितना सही? देखें हल्ला बोल,https://www.aajtak.in/programmes/halla-bol/video/karnataka-elections-2023-bajrang-dal-ban-bajrang-bali-politics-congress-vs-bjp-1688216-2023-05-04,2023-05-04
76,"हल्ला बोल: रूस का दावा, यूक्रेन ने की पुतिन को मारने की कोशिश?",https://www.aajtak.in/programmes/halla-bol/video/russia-accused-ukraine-of-trying-to-assassinate-president-putin-by-drone-attack-at-night-debate-1687531-2023-05-03,2023-05-03
77,हल्ला बोल: बजरंग दल की तुलना PFI से की जा सकती है? ,https://www.aajtak.in/programmes/halla-bol/video/karnataka-assembly-election-2023-congress-manifesto-compared-bajrang-dal-with-pfi-promised-ban-debate-1686770-2023-05-02,2023-05-02
78,हल्ला बोल: कर्नाटक में किस पार्टी ने किया 'फ्री-वाला' कौनसा वादा?,https://www.aajtak.in/programmes/halla-bol/video/karnataka-assembly-elections-2023-turned-out-very-interesting-all-parties-making-promises-for-freebies-1686067-2023-05-01,2023-05-01
79,हल्ला बोल: बीजेपी को क्यों नजर आता है विपक्ष का 'दंगा' कनेक्शन?,https://www.aajtak.in/programmes/halla-bol/video/karnataka-amit-shah-connects-congress-with-riots-up-cm-claims-about-no-curfew-debate-1685459-2023-04-30,2023-04-30
80,हल्ला बोल: जो सम्मान दिलाती हैं उनका अपमान क्यों?,https://www.aajtak.in/programmes/halla-bol/video/women-wrestlers-on-strike-for-6-days-made-serious-allegations-against-brij-bhushan-sharan-singh-demand-fir-1684432-2023-04-28,2023-04-28
81,हल्ला बोल: कर्नाटक के 'रण' में चरम पर सियासी बयानबाजी,https://www.aajtak.in/programmes/halla-bol/video/karnataka-election-2023-mallikarjun-kharge-remark-on-pm-modi-bjp-congress-news-1683670-2023-04-27,2023-04-27
82, हल्ला बोल: AAP और बीजेपी में 'बंगले' को लेकर वार-पलटवार ,https://www.aajtak.in/programmes/halla-bol/video/aap-and-bjp-attack-each-other-over-arvind-kejriwal-bungalow-row-delhi-politics-news-1682879-2023-04-26,2023-04-26
83,"हल्ला बोल: आनंद मोहन की रिहाई पर बवाल, नीतीश ने ऐसा क्यों किया?",https://www.aajtak.in/programmes/halla-bol/video/former-bihar-mp-bahubali-anand-mohan-given-big-relief-by-nitish-kumar-government-change-in-jail-rules-debate-1682105-2023-04-25,2023-04-25
84,हल्ला बोल: यूपी में पस्त होते माफिया राज को लेकर देखिए 'हल्ला बोल',https://www.aajtak.in/programmes/halla-bol/video/uttar-pradesh-no-riots-and-all-is-well-claims-cm-yogi-adityanath-mafia-thing-of-past-debate-1681349-2023-04-24,2023-04-24
85,हल्ला बोल: माफिया-सियासत का जोड़ इतना मजबूत कैसे?,https://www.aajtak.in/programmes/halla-bol/video/atiq-ahmed-prayagraj-most-dreaded-mafia-of-uttar-pradesh-how-politics-nexus-so-strong-debate-1680707-2023-04-23,2023-04-23
86,Halla Bol: कब पकड़े जाएंगे उमेशपाल हत्याकांड के सारे गुनहगार?,https://www.aajtak.in/programmes/halla-bol/video/halla-bol-when-will-all-the-culprits-of-umeshpal-murder-case-be-caught-news-in-hindi-1679652-2023-04-21,2023-04-21
87,"हल्ला बोल: राहुल गांधी को एक और झटका, विपक्ष को खटका! ",https://www.aajtak.in/programmes/halla-bol/video/surat-court-dismisses-rahul-gandhi-plea-for-stay-on-conviction-in-modi-surname-case-1678945-2023-04-20,2023-04-20
88,हल्ला बोल: 40 कैमरों में कैद अतीक हत्याकांड की साजिश के सारे राज!,https://www.aajtak.in/programmes/halla-bol/video/atiq-ahmed-ashraf-shot-dead-in-prayagraj-sit-collects-40-cctv-footages-of-accused-1678169-2023-04-19,2023-04-19
89,"माफिया पर सख्त योगी सरकार, लिस्ट तैयार... देखें हल्ला बोल ",https://www.aajtak.in/programmes/halla-bol/video/up-cm-yogi-government-strict-on-mafia-list-of-61-mafias-ready-to-take-action-1677451-2023-04-18,2023-04-18
90,"हल्ला बोल: लिफाफे में कत्ल का राज, अतीक के खिलाफ किसने की मुखबिरी?",https://www.aajtak.in/programmes/halla-bol/video/atiq-ashraf-ahmed-double-murder-in-prayagraj-closed-envelope-connection-secret-letter-to-chief-justice-1676701-2023-04-17,2023-04-17
91,माफिया के होंगे हजारों दुश्मन लेकिन पुलिस कस्टडी में हत्या कैसे?,https://www.aajtak.in/programmes/halla-bol/video/atiq-ashraf-ahmed-murder-politics-questions-getting-intense-opposition-attacks-bjp-yogi-up-police-1675944-2023-04-16,2023-04-16
92,"हल्ला बोल: असद के एनकाउंटर पर सियासत, योगी के एक्शन पर सवाल!",https://www.aajtak.in/programmes/halla-bol/video/gangster-asad-ahmed-killed-in-encounter-samajwadi-party-owaisi-raising-questions-on-yogi-government-1675390-2023-04-15,2023-04-15
93,"हल्ला बोल: केजरीवाल से पूछताछ करेगी CBI, सिसोदिया के बाद CM का नंबर?",https://www.aajtak.in/programmes/halla-bol/video/cbi-summons-delhi-chief-minister-arvind-kejriwal-in-liquor-excise-scam-questioning-on-sunday-1674782-2023-04-14,2023-04-14
94,"हल्ला बोल: असद के एनकाउंटर पर सियासत, शुरू हुआ बयानबाजी का दौर",https://www.aajtak.in/programmes/halla-bol/video/up-politics-strs-up-over-encounter-of-atiq-ahmed-son-asad-akhilesh-yadav-mayawati-1674092-2023-04-13,2023-04-13
95,हल्ला बोल: क्या वाकई UP सरकार की सख्ती से खौफ में हैं माफिया?,https://www.aajtak.in/programmes/halla-bol/video/umesh-pal-murder-case-accused-atiq-ahmed-fear-for-his-life-up-police-action-on-mafia-1673336-2023-04-12,2023-04-12
96,"हल्ला बोल: मोदी सरकार पर तीखा हमला, सोनिया संभालेंगी 24 का मोर्चा?",https://www.aajtak.in/programmes/halla-bol/video/sonia-gandhi-attacks-bjp-government-pm-modi-will-she-handle-congress-and-opposition-front-in-2024-1672532-2023-04-11,2023-04-11
97,"2024 का कौन 'चाणक्य', कैसा चक्रव्यूह? पवार के दांव पर 'हल्ला बोल' ",https://www.aajtak.in/programmes/halla-bol/video/ncp-chief-sharad-pawar-shocked-the-entire-opposition-with-his-recent-bets-over-adani-jcp-pm-modi-1671804-2023-04-10,2023-04-10
98,हल्ला बोल: क्या 'सबका साथ' पर भरोसा करने लगे मुसलमान?,https://www.aajtak.in/programmes/halla-bol/video/are-muslim-communities-moving-away-from-congress-and-have-put-their-faith-in-bjp-pm-modi-debate-1671171-2023-04-09,2023-04-09
99,"हल्ला बोल: कांग्रेस को बीजेपी का बड़ा चैलेंज, राहुल पर हमला जारी!",https://www.aajtak.in/programmes/halla-bol/video/bjp-challenge-to-congress-home-minister-amit-shah-attacks-rahul-gandhi-in-azamgarh-up-debate-1670034-2023-04-07,2023-04-07
100,क्या मोदी को मिल गई भ्रष्टाचारियों की काट? देखें हल्ला बोल,https://www.aajtak.in/programmes/halla-bol/video/pm-modi-address-on-foundation-day-of-bjp-with-hanuman-jayanti-halla-bol-1669213-2023-04-06,2023-04-06
101,"बिहार में हिंसा... कितनी साजिश, कितनी सियासत? देखें हल्ला बोल ",https://www.aajtak.in/programmes/halla-bol/video/bihar-violence-on-ram-navami-biharshareef-and-sasaram-conspiracy-politics-hanuman-jayanti-1668557-2023-04-05,2023-04-05
102,हल्ला बोल: क्या सासाराम-नालंदा हिंसा में प्रशासन से चूक हुई?,https://www.aajtak.in/programmes/halla-bol/video/violence-broke-out-in-nalanda-rohtas-in-bihar-on-ram-navami-arson-stone-pelting-nitish-kumar-iftar-party-1667881-2023-04-04,2023-04-04
103,हल्ला बोल: क्या मोदी सरकार भ्रष्टाचार को काबू करने में कामयाब रही?,https://www.aajtak.in/programmes/halla-bol/video/prime-minister-modi-gave-advice-to-cbi-officers-over-corruption-attacks-the-opposition-parties-1667153-2023-04-03,2023-04-03
104,हल्ला बोल: कांग्रेस को राहुल के मामले में विदेशी हस्तक्षेप चाहिए?,https://www.aajtak.in/programmes/halla-bol/video/rahul-gandhi-might-appeal-in-surat-court-against-defamation-case-verdict-bjp-attacks-congress-1666522-2023-04-02,2023-04-02
105,"हल्ला बोल: नई संसद पर बढ़ी तकरार, कांग्रेस का 'तानाशाह' वाला हथियार!",https://www.aajtak.in/programmes/halla-bol/video/pm-modi-visits-new-parliament-house-congress-attack-bjp-call-it-personal-ambition-of-prime-minister-1665462-2023-03-31,2023-03-31
106,राहुल गांधी के एक-एक बयान पर कितना घमासान? देखें हल्ला बोल ,https://www.aajtak.in/programmes/halla-bol/video/so-much-ruckus-and-chaos-over-rahul-gandhi-one-statement-modi-surname-london-1664698-2023-03-30,2023-03-30
107,सत्तापक्ष और विपक्ष के बीच बढ़ते टकराव पर देखें हल्ला बोल ,https://www.aajtak.in/programmes/halla-bol/video/growing-conflict-between-ruling-party-and-opposition-challenges-of-bjp-1664034-2023-03-29,2023-03-29
108,हल्ला बोल: राहुल सोची समझी रणनीति के तहत अपनी मुश्किलें बढ़ा रहे?,https://www.aajtak.in/programmes/halla-bol/video/rahul-gandhi-intentionally-increasing-his-difficulties-under-a-well-planned-strategy-of-congress-debate-1663286-2023-03-28,2023-03-28
109,हल्ला बोल: राहुल गांधी को 12 तुगलक रोड का बंगला खाली करने का नोटिस,https://www.aajtak.in/programmes/halla-bol/video/rahul-gandhi-lok-sabha-membership-taken-away-got-notice-to-vacate-bungalow-at-12-tughlak-road-1662566-2023-03-27,2023-03-27
110,हल्ला बोल: केंद्रीय एजेंसियां विपक्ष के नेताओं को फंसा रही?,https://www.aajtak.in/programmes/halla-bol/video/from-tejashwi-yadav-to-rahul-gandhi-under-radar-of-central-agencies-web-of-politics-before-2024-lok-sabha-elections-1661537-2023-03-25,2023-03-25
111,हल्ला बोल: क्या राहुल गांधी पर कार्रवाई बीजेपी की साजिश? ,https://www.aajtak.in/programmes/halla-bol/video/rahul-gandhi-becomes-former-mp-from-wayanad-lok-sabha-seat-after-disqualification-due-to-2-year-sentence-in-defamation-case-1660967-2023-03-24,2023-03-24
112,दो साल की सजा के बाद खतरे में राहुल की सदस्यता? देखें हल्ला बोल,https://www.aajtak.in/programmes/halla-bol/video/rahul-gandhi-mp-membership-in-danger-after-his-two-year-sentence-in-defamation-case-1660226-2023-03-23,2023-03-23
113,हल्ला बोल: देश के लिए इतना बड़ा खतरा... अमृतपाल कब होगा गिरफ्तार?,https://www.aajtak.in/programmes/halla-bol/video/when-will-amritpal-singh-be-arrested-enemy-of-country-big-danger-for-india-1659525-2023-03-22,2023-03-22
114,हल्ला बोल: राहुल के लंदन वाले बयान पर सियासत कब थमेगी?,https://www.aajtak.in/programmes/halla-bol/video/bjp-called-rahul-gandhi-mir-jafar-of-today-as-he-sought-help-from-british-asking-apology-debate-1658762-2023-03-21,2023-03-21
115,हल्ला बोल: क्या राहुल गांधी का लंदन वाला बयान 'काला टीका' है?,https://www.aajtak.in/programmes/halla-bol/video/pm-modi-attacked-rahul-gandhi-congress-without-taking-name-during-india-today-conclave-debate-1658063-2023-03-20,2023-03-20
116,संसद है कि चलती नहीं! कब तक टैक्स पेयर्स का पैसा होगा बर्बाद?,https://www.aajtak.in/programmes/halla-bol/video/parliament-proceedings-adjourned-till-march-20-due-to-uproar-between-bjp-and-congress-debate-1657459-2023-03-19,2023-03-19
117,"राहुल से माफी की मांग पर अड़ी BJP, संसद ठप के लिए जिम्मेदार कौन?",https://www.aajtak.in/programmes/halla-bol/video/both-houses-of-parliament-function-only-3-hours-in-last-5-days-bjp-vs-opposition-debate-1656417-2023-03-17,2023-03-17
118,"हल्ला बोल: BJP के 6 मंत्रियों का वार, राहुल गांधी का पलटवार ",https://www.aajtak.in/programmes/halla-bol/video/congress-leader-rahul-gandhi-hits-back-at-centre-amid-row-over-london-speech-bjp-news-1655702-2023-03-16,2023-03-16
119,लंदन में राहुल के बयान पर बीजेपी-कांग्रेस में टक्कर! देखें हल्ला बोल,https://www.aajtak.in/programmes/halla-bol/video/rahul-gandhi-speech-in-london-intensifies-politics-bjp-adamant-on-apology-of-congress-leader-ruckus-in-parliament-1655021-2023-03-15,2023-03-15
120,लंदन में दिए बयान पर बीजेपी का राहुल पर हल्ला बोल... ,https://www.aajtak.in/programmes/halla-bol/video/bjp-attack-on-rahul-gandhi-over-his-statement-made-in-london-cambridge-university-1654378-2023-03-14,2023-03-14
121,"लंदन में बयान... राहुल की माफी पर संसद में घमासान, देखें हल्ला बोल",https://www.aajtak.in/programmes/halla-bol/video/rahul-gandhi-speech-against-indian-democracy-in-london-intensified-politics-ruckus-in-parliament-1653674-2023-03-13,2023-03-13
122,हल्ला बोल: ED-CBI का करप्शन पर वार या सियासी हथियार?,https://www.aajtak.in/programmes/halla-bol/video/ed-and-cbi-action-in-delhi-liquor-policy-case-land-for-jobs-scam-opposition-slams-centre-1652627-2023-03-11,2023-03-11
123,"हल्ला बोल: राहुल का लंदन में बयान, देश में बढ़ा सियासी घमासान ",https://www.aajtak.in/programmes/halla-bol/video/vice-president-jagdeep-dhankhar-sams-rahul-gandhi-over-his-mike-put-off-remark-congress-1652005-2023-03-10,2023-03-10
124,हल्ला बोल: ED-CBI की कार्रवाई के खिलाफ विपक्ष की सियासत तेज,https://www.aajtak.in/programmes/halla-bol/video/ed-summons-telangana-cm-daughter-brs-leader-kavitha-delhi-excise-policy-case-bjp-congress-1651293-2023-03-09,2023-03-09
125,PM की दावेदारी के लिए विपक्ष में एक नाम पर लग पाएगी मुहर?,https://www.aajtak.in/programmes/halla-bol/video/2024-elections-opposition-still-looking-for-strong-face-to-compete-against-bjp-modi-1650833-2023-03-08,2023-03-08
126,राहुल गांधी के वार और BJP के पलटवार पर देखिए 'हल्ला बोल',https://www.aajtak.in/programmes/halla-bol/video/rahul-gandhi-london-uk-targeted-bjp-government-system-and-rss-debate-with-anjana-om-kashyap-1650487-2023-03-07,2023-03-07
127,"हल्ला बोल: ED-CBI पर सियासी लड़ाई, क्या 2024 तक ये सब चलता रहेगा?",https://www.aajtak.in/programmes/halla-bol/video/uproar-among-opposition-camp-over-action-taken-against-corruption-by-cbi-ed-debate-1649854-2023-03-06,2023-03-06
128,हल्ला बोल: संविधान बुलडोजर जस्टिस की इजाजत देता है? देखिए बहस,https://www.aajtak.in/programmes/halla-bol/video/uttar-pradesh-prayagraj-umesh-pal-murder-case-police-bulldozer-action-countdown-of-mafias-debate-1649216-2023-03-05,2023-03-05
129,राहुल गांधी का विदेशी जमीं से देश को कठघरे में खड़ा करना सही?,https://www.aajtak.in/programmes/halla-bol/video/bjp-alleges-rahul-gandhi-defame-india-in-england-during-his-speech-at-cambridge-university-1648322-2023-03-03,2023-03-03
130,हल्ला बोल: क्या पूर्वोत्तर राज्यों के नतीजे 2024 के लिए झांकी हैं?,https://www.aajtak.in/programmes/halla-bol/video/tripura-meghalaya-nagaland-results-of-3-northeastern-states-assembly-election-glimpse-of-2024-1647631-2023-03-02,2023-03-02
131,"इस्तीफे पर तनाव, सीएम केजरीवाल पर तनाव! देखें हल्ला बोल ",https://www.aajtak.in/programmes/halla-bol/video/politics-heated-over-resignation-of-arvind-kejriwal-after-satyendra-jain-and-manish-sisodia-1646960-2023-03-01,2023-03-01
132,हल्ला बोल: मनीष सिसोदिया का इस्तीफा नैतिकता या डैमेज कंट्रोल?,https://www.aajtak.in/programmes/halla-bol/video/manish-sisodia-resign-amid-accused-arrested-by-cbi-over-delhi-liquor-excise-policy-scam-debate-1646288-2023-02-28,2023-02-28
133,"CBI को लेकर सवाल और सियासत, सिसोदिया की गिरफ्तारी पर 'हल्ला बोल'",https://www.aajtak.in/programmes/halla-bol/video/delhi-rouse-avenue-court-sent-manish-sisodia-to-cbi-remand-till-march-4-on-liquor-scam-charges-1645574-2023-02-27,2023-02-27
134,क्या गिरफ्तार होंगे सिसोदिया? देखिए बहस का सबसे बड़ा शो- हल्लाबोल,https://www.aajtak.in/programmes/halla-bol/video/cbi-interrogation-delhi-deputy-cm-manish-sisodia-accused-in-liquor-scam-will-aap-leader-be-arrested-1644932-2023-02-26,2023-02-26
135,हल्ला बोल: क्या 2024 में विपक्ष का नेतृत्व करेगी कांग्रेस?,https://www.aajtak.in/programmes/halla-bol/video/congress-meeting-raipur-3-days-outline-of-2024-lok-sabha-elections-formula-of-opposition-unity-1644384-2023-02-25,2023-02-25
136,हल्ला बोल: क्या अपमान वाली जुबान ने कांग्रेस को फिर फंसाया?,https://www.aajtak.in/programmes/halla-bol/video/congress-leader-pawan-khera-derogatory-remarks-on-pm-modi-creates-political-ruckus-bjp-counter-1643764-2023-02-24,2023-02-24
137,"यहां पवन खेड़ा को प्लेन से उतारा, वहां चढ़ा सियासी पारा! देखें हल्ला बोल",https://www.aajtak.in/programmes/halla-bol/video/congress-in-tension-after-action-of-assam-police-on-pawan-khera-halla-bol-1643043-2023-02-23,2023-02-23
138,"खड़गे के दावे में कितना दम, कौन होगा बेदम?",https://www.aajtak.in/programmes/halla-bol/video/mallikarjun-kharge-claims-in-coalition-government-to-be-formed-in-2024-news-in-hindi-1642317-2023-02-22,2023-02-22
139,हल्ला बोल: PM पर अपमानजनक टिप्पणी का कांग्रेस की हार से रिश्ता?,https://www.aajtak.in/programmes/halla-bol/video/congress-spokesperson-pawan-khera-replaced-pm-modi-father-name-with-gautam-adani-sparks-controversy-1641551-2023-02-21,2023-02-21
140,बिहार: दबंगों के सामने पुलिस लाचार? 'जंगलराज' पर देखें हल्ला बोल,https://www.aajtak.in/programmes/halla-bol/video/bihar-patna-city-shaking-with-violence-gunfire-even-police-running-for-their-lives-debate-1640747-2023-02-20,2023-02-20
141,"हल्ला बोल: हिंदू राष्ट्र का संकल्प, सियासी गलियारे से समर्थन!",https://www.aajtak.in/programmes/halla-bol/video/bageshwar-dham-dhirendra-shastri-wants-to-make-india-hindu-nation-politics-continues-debate-1640094-2023-02-19,2023-02-19
142,हल्ला बोल: जॉर्ज सोरेस ने अडानी मामले पर क्यों की टिप्पणी?,https://www.aajtak.in/programmes/halla-bol/video/gautam-adani-row-political-battle-intensifies-with-american-businessman-george-soros-remark-1639036-2023-02-17,2023-02-17
143,राहुल गांधी का 'मेरा भाषण सही' वाला जवाब कहां तक सही? देखें हल्ला बोल,https://www.aajtak.in/programmes/halla-bol/video/rahul-gandhi-replies-to-notice-given-for-him-in-statement-in-loksabha-says-im-right-halla-bol-1638255-2023-02-16,2023-02-16
144,हल्ला बोल: रातोंरात मर्डर स्टोरी में बदल गई 5 साल की लव स्टोरी,https://www.aajtak.in/programmes/halla-bol/video/nikki-yadav-murder-case-accused-live-in-partner-sahil-gehlot-shraddha-walkar-delhi-crime-1637523-2023-02-15,2023-02-15
145,हल्ला बोल: BBC पर IT एक्शन का 'डॉक्यूमेंट्री' कनेक्शन? ,https://www.aajtak.in/programmes/halla-bol/video/income-tax-action-at-bbc-offices-in-delhi-mumbai-survey-work-is-there-documentary-connection-1636778-2023-02-14,2023-02-14
146,सियासत की लड़ाई और संविधान की दुहाई पर देखिए 'हल्ला-बोल',https://www.aajtak.in/programmes/halla-bol/video/adani-hindenburg-case-opposition-not-ready-to-bow-down-on-issue-ruckus-in-lok-sabha-rajya-sabha-1635936-2023-02-13,2023-02-13
147,हल्ला बोल: क्या पीएम मोदी ने अभी से 2024 की टोन सेट कर दी है?,https://www.aajtak.in/programmes/halla-bol/video/pm-challenge-to-opposition-has-narendra-modi-already-set-tone-for-2024-lok-sabha-elections-1635309-2023-02-12,2023-02-12
148,हल्लाबोल: क्या सरकार अहंकार में विपक्ष की आवाज को दबा रही है?,https://www.aajtak.in/programmes/halla-bol/video/gautam-adani-hindenburg-political-battle-not-ending-congress-accused-bjp-of-suppression-arrogance-1634168-2023-02-10,2023-02-10
149,"संसद में चुनौती जोरदार, मोदी का हमला धारदार! देखें हल्ला बोल",https://www.aajtak.in/programmes/halla-bol/video/pm-narendra-modi-speech-in-rajya-sabha-amid-slogans-of-opposition-1633427-2023-02-09,2023-02-09
150,140 करोड़ के भरोसे से 'झूठे आरोप' बेदम! देखें हल्ला बोल,https://www.aajtak.in/programmes/halla-bol/video/adani-controversy-pm-modi-befitting-reply-to-congress-and-rahul-gandhi-in-lok-sabha-parliament-session-1632767-2023-02-08,2023-02-08
151,"योगी पर राहुल का निशाना, धर्म के नाम पर सियासत कौन कर रहा है?",https://www.aajtak.in/programmes/halla-bol/video/rahul-gandhi-alleged-up-cm-yogi-adityanath-said-saffron-does-not-make-someone-religious-leader-1631962-2023-02-07,2023-02-07
152,"पॉलिटिकल स्टॉक एक्सचेंज: 2024 लोकसभा का काउंटडाउन, देखिए विश्लेषण",https://www.aajtak.in/programmes/halla-bol/video/political-stock-exchange-countdown-to-2024-lok-sabha-elections-complete-analysis-with-figures-1630545-2023-02-05,2023-02-05
153,"हल्ला बोल: रामचरितमानस पर सियासत वाली चाल, जोरदार वार-पलटवार!",https://www.aajtak.in/programmes/halla-bol/video/ramcharitmanas-controversy-swami-prasad-maurya-getting-tense-in-uttar-pradesh-with-several-protests-1630043-2023-02-04,2023-02-04
154,"हल्ला बोल: हिंडनबर्ग रिपोर्ट ने बदला खेल, अडानी को झटके पर झटका!",https://www.aajtak.in/programmes/halla-bol/video/gautam-adani-used-to-be-second-richest-person-in-world-now-he-has-been-out-of-top-20-list-1629505-2023-02-03,2023-02-03
155,हल्ला बोल: संसद से सेंसेक्स तक... गौतम अडानी पर इतनी सियासत क्यों?,https://www.aajtak.in/programmes/halla-bol/video/opposition-raised-questions-on-hindenburg-report-gautam-adani-wealth-and-shares-1628749-2023-02-02,2023-02-02
156,"हल्ला बोल: बजट में आम आदमी के लिए कई ऐलान, मचा सियासी संग्राम ",https://www.aajtak.in/programmes/halla-bol/video/union-budget-2023-announcement-for-middle-class-income-tax-rebate-limit-raised-congress-attacks-1628013-2023-02-01,2023-02-01
157,हल्ला बोल: PM मोदी की तकरीर वाली नसीहत पर तकरार के संकेत!,https://www.aajtak.in/programmes/halla-bol/video/budget-session-begins-on-tuesday-pm-modi-expressed-hope-of-productivity-advice-opposition-1627234-2023-01-31,2023-01-31
158,"OBC मोर्चे ने रामचरित की जलाईं कॉपियां, साधु संतों में नाराजगी! ",https://www.aajtak.in/programmes/halla-bol/video/ramcharit-manas-objectionable-remarks-controversy-swami-prasad-maurya-serial-statement-1626473-2023-01-30,2023-01-30
159,हल्ला बोल: राहुल की सुरक्षा में चूक या कांग्रेस की लापरवाही?,https://www.aajtak.in/programmes/halla-bol/video/rahul-gandhi-qazigund-kashmir-left-journey-congress-alleged-security-arrangements-not-proper-1624746-2023-01-27,2023-01-27
160,"शाहरुख खान का कमाल है, ब़ॉक्स ऑफिस पर धमाल है! ",https://www.aajtak.in/programmes/halla-bol/video/pathaan-movie-shahrukh-khan-opening-collection-is-a-record-in-itself-news-in-hindi-1624067-2023-01-26,2023-01-26
161,हल्ला बोल: JNU टू जामिया... BBC डाॅक्यूमेंट्री पर संग्राम,https://www.aajtak.in/programmes/halla-bol/video/bbc-documentary-screening-in-jnu-and-jamia-students-detained-aishe-ghosh-abvp-1623363-2023-01-25,2023-01-25
162,हल्ला बोल: दिग्विजय के बयान ने कांग्रेस को फिर फंसाया?,https://www.aajtak.in/programmes/halla-bol/video/rahul-gandhi-disagrees-with-digvijay-singh-statement-did-leader-trap-congress-party-again-1622569-2023-01-24,2023-01-24
163,"धीरेंद्र शास्त्री पर धर्मांतरण के आरोप, गिरफ्तारी की मांग!",https://www.aajtak.in/programmes/halla-bol/video/baba-bageshwar-dham-controversy-no-dearth-of-devotees-is-dhirendra-shastri-really-miraculous-1621733-2023-01-23,2023-01-23
164,"हल्ला बोल: मोदी का 'मंत्र 2024', कैसे होगा कांग्रेस का बेड़ा पार?",https://www.aajtak.in/programmes/halla-bol/video/bjp-pm-modi-started-formulating-political-strategy-for-2023-assembly-election-before-2024-1621059-2023-01-22,2023-01-22
165,हल्ला बोल: क्या राहुल गांधी के 'जोड़' से जुटेगा विपक्ष?,https://www.aajtak.in/programmes/halla-bol/video/politics-continues-on-bharat-jodo-yatra-will-opposition-join-hands-with-rahul-gandhi-congress-1620539-2023-01-21,2023-01-21
166,'रिंग मास्टर' बृजभूषण सिंह कब देंगे इस्तीफा? देखें हल्ला बोले,https://www.aajtak.in/programmes/halla-bol/video/wrestlers-protest-when-did-brij-bhushan-will-give-its-resignation-vinesh-phogat-halla-bol-1619973-2023-01-20,2023-01-20
167,कुर्सी कब छोड़ेंगे WFI के 'रिंग मास्टर'? देखें हल्ला बोल,https://www.aajtak.in/programmes/halla-bol/video/wrestlers-protest-on-jantar-mantar-delhi-when-ring-master-of-wfi-resigns-halla-bol-1619256-2023-01-19,2023-01-19
168,मोदी को हराना लक्ष्य तो साथ क्यों नहीं आता विपक्ष? देखें हल्ला बोल,https://www.aajtak.in/programmes/halla-bol/video/kcr-kejriwal-akhilesh-bhagwant-maan-in-khannam-preparation-of-third-front-against-pm-modi-1618505-2023-01-18,2023-01-18
169,मुहब्बत के पैगाम में 'नफरत' का क्या काम? देखें हल्ला बोल,https://www.aajtak.in/programmes/halla-bol/video/rahul-gandhi-attack-on-rss-varun-gandhi-bharat-jodo-yatra-in-punjab-hoshiyarpur-1617742-2023-01-17,2023-01-17
170,भारत जोड़ो यात्रा से क्या बीजेपी के पेट में हो जाता है दर्द? देखें हल्ला बोल,https://www.aajtak.in/programmes/halla-bol/video/bharat-jodo-yatra-soon-to-end-in-srinagar-why-did-bjp-got-jealous-of-congress-halla-bol-1616915-2023-01-16,2023-01-16
171,विपक्ष को एकजुट करने की राहुल की कोशिशें कितनी कामयाब होंगी?,https://www.aajtak.in/programmes/halla-bol/video/bharat-jodo-yatra-how-successful-will-rahul-gandhi-efforts-to-unite-the-opposition-be-debate-1615098-2023-01-13,2023-01-13
172,बदलाव की 'लाइट' एंड विवादों का 'साउंड'! देखें हल्ला बोल,https://www.aajtak.in/programmes/halla-bol/video/revised-light-and-sound-show-on-red-fort-changes-made-between-nehru-and-mahatma-gandhi-1614396-2023-01-12,2023-01-12
173,हल्ला बोल: मोहन भागवत के बयान पर सियासी घमासान,https://www.aajtak.in/programmes/halla-bol/video/rss-chief-mohan-bhagwat-muslims-says-must-abandon-their-supremacy-narrative-opposition-targets-asaduddin-owaisi-1613598-2023-01-11,2023-01-11
174,हल्ला बोल: आखिर कौन है सियासी कुरुक्षेत्र का 'कौरव'?,https://www.aajtak.in/programmes/halla-bol/video/rahul-gandhi-penance-connection-of-bharat-jodo-yatra-who-are-kauravas-of-political-kurukshetra-1612775-2023-01-10,2023-01-10
175,"TMC से उठी समर्थन की आवाज, बदल रही है राहुल गांधी की छवि?",https://www.aajtak.in/programmes/halla-bol/video/congress-bharat-jodo-yatra-voice-of-support-raised-from-tmc-is-image-of-rahul-gandhi-changing-1611954-2023-01-09,2023-01-09
176,हल्ला बोल: तुनिशा ने क्यों दे दी जान? मां ने खोले राज!,https://www.aajtak.in/programmes/halla-bol/video/tunisha-sharma-death-mystery-mother-reveals-every-secret-related-to-daughter-and-allegations-1610730-2023-01-07,2023-01-07
177,हल्ला बोल: एजेंडे के तहत बॉलीवुड की छवि खराब की जा रही? ,https://www.aajtak.in/programmes/halla-bol/video/boycott-campaign-is-image-of-bollywood-being-tarnished-under-any-specific-political-agenda-1610116-2023-01-06,2023-01-06
178,"नीतीश की विपक्ष जोड़ो यात्रा से क्या एकजुट हो पाएगा विपक्ष, देखें हल्लाबोल",https://www.aajtak.in/programmes/halla-bol/video/seasons-of-yatra-in-india-rahul-gandhi-nitish-kumar-abd-mamta-banerjee-doing-different-yatra-1609354-2023-01-05,2023-01-05
179,राहुल गांधी के आरोपों के बदले RSS की तारीफ क्यों? देखें हल्ला बोल,https://www.aajtak.in/programmes/halla-bol/video/rss-champat-rai-praises-bharat-jodo-yatra-and-rahul-gandhi-what-does-this-mean-1608633-2023-01-04,2023-01-04
180,दिल्ली पुलिस अपनी गलती छिपाने के लिए जांच को घुमा रही है?  ,https://www.aajtak.in/programmes/halla-bol/video/delhi-kanjhawala-case-anjali-kept-on-shouting-yet-car-drivers-kept-on-trampling-her-says-witness-1607841-2023-01-03,2023-01-03
181,हल्ला बोल: क्या नोटबंदी का मुद्दा विपक्ष के हाथ से फिसल गया?,https://www.aajtak.in/programmes/halla-bol/video/issue-of-demonetisation-also-slipped-out-of-hands-for-opposition-just-like-rafale-debate-1607110-2023-01-02,2023-01-02
182,"हल्ला बोल: क्या अखिलेश, मायावती, KCR को राहुल कबूल हैं?",https://www.aajtak.in/programmes/halla-bol/video/opposition-pm-candidate-does-rahul-gandhi-acceptable-to-akhilesh-mayawati-and-kcr-debate-1606536-2023-01-01,2023-01-01
183,हल्ला बोल: धोखे की वजह से तुनिशा सुसाइड करने पर मजबूर हुई?,https://www.aajtak.in/programmes/halla-bol/video/tunisha-sharma-death-case-mother-of-late-actress-made-serious-allegations-against-sheezan-khan-1605583-2022-12-30,2022-12-30
184,हल्ला बोल: क्या बदल जाएंगे 'बेशर्म रंग' गाने के बोल?,https://www.aajtak.in/programmes/halla-bol/video/bollywood-film-pathaan-song-besharam-rang-controversy-censor-board-asks-to-make-changes-1604902-2022-12-29,2022-12-29
185,हल्ला बोल: भारत जोड़ो यात्रा से विपक्ष ने क्यों काटी कन्नी?,https://www.aajtak.in/programmes/halla-bol/video/rahul-gandhi-bharat-jodo-yatra-akhilesh-yadav-mayawati-jayant-chaudhary-reject-congress-offer-1604181-2022-12-28,2022-12-28
186,"आरक्षण पर हाई कोर्ट का आदेश और सियासी संग्राम, देखें हल्ला बोल",https://www.aajtak.in/programmes/halla-bol/video/uttar-pradesh-news-high-court-declines-the-idea-of-obc-reservation-cm-yogi-reacts-1603418-2022-12-27,2022-12-27
187,सुसाइड पर 'लव जिहाद' के मुद्दे पर देखिए हल्ला बोल में बहस,https://www.aajtak.in/programmes/halla-bol/video/tunisha-sharma-suicide-mystery-debate-on-issue-of-love-jihad-political-turmoil-on-actress-death-1602668-2022-12-26,2022-12-26
188,हल्ला बोल: सरकार के खिलाफ प्रहार से कांग्रेस की ताकत बढ़ेगी?,https://www.aajtak.in/programmes/halla-bol/video/rahul-gandhi-bharat-jodo-yatra-will-attack-against-government-increase-political-power-of-congress-1601542-2022-12-24,2022-12-24
189,हल्ला बोल: राहुल कहीं 'विपक्ष जोड़ो यात्रा' तो नहीं बना रहे?,https://www.aajtak.in/programmes/halla-bol/video/delhi-congress-by-sending-invitation-to-opposition-leaders-is-rahul-making-vipaksh-jodo-yatra-1600931-2022-12-23,2022-12-23
190,हल्ला बोल: कोरोना के नाम पर भारत जोड़ो यात्रा रोकने की कवायद?,https://www.aajtak.in/programmes/halla-bol/video/congress-vs-bjp-is-there-an-attempt-to-stop-rahul-gandhi-bharat-jodo-yatra-in-name-of-corona-1600169-2022-12-22,2022-12-22
191,"हल्ला बोल: चीन पर विपक्ष की संसद में चर्चा की मांग, सरकार का इनकार",https://www.aajtak.in/programmes/halla-bol/video/india-china-tawang-clash-congress-and-opposition-protest-in-parliament-sonia-gandhi-1599438-2022-12-21,2022-12-21
192,"शराब से गई जान, मुआवजे पर मचा घमासान! देखें हल्ला बोल",https://www.aajtak.in/programmes/halla-bol/video/bihar-hooch-tragedy-opposition-of-nitsh-kumar-constantly-demanding-for-compensation-1598673-2022-12-20,2022-12-20
193,हल्ला बोल: MP में मदरसों को लेकर क्यों उठ रहे हैं सवाल? ,https://www.aajtak.in/programmes/halla-bol/video/mp-home-minister-narottam-mishra-attacks-on-madrasa-education-what-questions-being-raised-1597933-2022-12-19,2022-12-19
194,"हल्ला बोल: रूटीन एक्सरसाइज से कड़ा संदेश, ड्रैगन को दो टूक!",https://www.aajtak.in/programmes/halla-bol/video/strong-message-to-china-from-indian-army-routine-exercise-blunt-response-to-dragon-on-border-1597285-2022-12-18,2022-12-18
195,शाहरुख की फिल्म पठान पर मचे बवाल पर देखिए हल्ला बोल,https://www.aajtak.in/programmes/halla-bol/video/shahrukh-khan-upcoming-film-pathan-series-of-controversies-even-before-release-ruckus-over-song-1596334-2022-12-16,2022-12-16
196,"हल्ला बोल: बिहार में जहरीली शराब से हाहाकार, मचा सियासी बवाल ",https://www.aajtak.in/programmes/halla-bol/video/bihar-hooch-tragedy-chhapra-politics-nitish-kumar-comment-bjp-attacks-over-liquor-ban-1595563-2022-12-15,2022-12-15
197,हल्ला बोल: तवांग में तनाव को लेकर सरकार पर हमलावर विपक्ष,https://www.aajtak.in/programmes/halla-bol/video/india-china-border-clash-in-tawang-politics-stirs-up-mehbooba-mufti-owaisi-congress-parliament-winter-session-1594921-2022-12-14,2022-12-14
198,राजीव गांधी फाउंडेशन के चीनी कनेक्शन का क्या है खेल?,https://www.aajtak.in/programmes/halla-bol/video/what-is-political-game-of-rajiv-gandhi-foundation-chinese-connection-amidst-tussle-over-tawang-1594249-2022-12-13,2022-12-13
199,हल्ला बोल: कांग्रेस के नेताओं पर बदजुबानी की धुन सवार?,https://www.aajtak.in/programmes/halla-bol/video/congress-leader-controversial-remark-on-pm-modi-how-murder-comes-into-election-battle-1593587-2022-12-12,2022-12-12
200,क्या नीतीश अपनी सियासी ताकत से ज्यादा जमीन नाप रहे हैं?,https://www.aajtak.in/programmes/halla-bol/video/bjp-challenge-in-front-of-nitish-kumar-can-he-make-place-for-himself-among-the-opposition-1593027-2022-12-11,2022-12-11
201,हल्ला बोल: हिमाचल में किसके नाम पर हाईकमान की मुहर?,https://www.aajtak.in/programmes/halla-bol/video/himachal-election-result-uproar-over-chief-minister-post-whose-name-will-high-command-approve-1591982-2022-12-09,2022-12-09
202,हल्ला बोल: गुजरात में निकल गया कांग्रेस-AAP का दम!,https://www.aajtak.in/programmes/halla-bol/video/congress-and-aap-failed-to-gain-power-in-gujarat-bjp-victory-credit-to-pm-narendra-modi-1591382-2022-12-08,2022-12-08
203,हल्ला बोल: MCD चुनावों में AAP की जीत के क्या हैं मायने?,https://www.aajtak.in/programmes/halla-bol/video/delhi-mcd-election-result-2022-aap-win-but-vote-share-decreased-corruption-manish-sisodia-1590680-2022-12-07,2022-12-07
204,हल्ला बोल: राष्ट्रीय राजनीति में AAP कांग्रेस की जगह ले रही?,https://www.aajtak.in/programmes/halla-bol/video/gujarat-himachal-delhi-mcd-election-exit-polls-are-out-results-are-awaited-debate-1589971-2022-12-06,2022-12-06
205,"हल्ला बोल: BJP का जीत का दावा, गुजरात में किसकी बनेगी बात?",https://www.aajtak.in/programmes/halla-bol/video/gujarat-election-2022-campaigning-for-second-phase-came-to-end-on-saturday-who-will-be-victorious-1588682-2022-12-04,2022-12-04
206,हल्ला बोल: शक्ति प्रदर्शन BJP की उम्मीदों को पूरा करेंगे?,https://www.aajtak.in/programmes/halla-bol/video/gujarat-elections-pm-modi-claims-promises-show-of-strength-through-roadshow-and-huge-rallies-1587716-2022-12-02,2022-12-02
207,गुजरात में चुनावी गाली पर सियासी गदर! देखें स्पेशल हल्ला बोल,https://www.aajtak.in/programmes/halla-bol/video/gujarat-polls-2022-pm-modi-road-show-in-ahemdabad-targets-congress-over-ravana-statement-1587075-2022-12-01,2022-12-01
208,हल्ला बोल: गुजरात में योगी ने याद दिलाया गोधरा कांड,https://www.aajtak.in/programmes/halla-bol/video/gujarat-election-2022-bjp-targeted-congress-godhra-incident-2002-yogi-adityanath-owaisi-1586410-2022-11-30,2022-11-30
209,इजरायली फिल्मकार के बयान पर क्यों मचा बवाल? देखें हल्ला बोल,https://www.aajtak.in/programmes/halla-bol/video/why-ruckus-on-israeli-filmmaker-statement-regarding-the-kashmir-files-at-iffi-1585669-2022-11-29,2022-11-29
210,राष्ट्रवाद से होकर गुजरेगी गुजरात में जीत की राह? देखें हल्ला बोल,https://www.aajtak.in/programmes/halla-bol/video/gujarat-assembly-elections-2022-pm-modi-talks-about-terrorism-surgical-strike-and-nationalism-1585010-2022-11-28,2022-11-28
211,हल्ला बोल: AAP-BJP के वादों और दावों के बीच कांग्रेस की कितनी संभावना?,https://www.aajtak.in/programmes/halla-bol/video/gujarat-assembly-elections-2022-amid-promises-and-claims-of-aap-bjp-what-are-chances-of-congress-1584399-2022-11-27,2022-11-27
212,हल्ला बोल: मोदी के दम से BJP की रिकॉर्ड जीत का दावा होगा पूरा?,https://www.aajtak.in/programmes/halla-bol/video/gujarat-elections-2022-bjp-claim-of-record-victory-be-fulfilled-by-strength-of-pm-modi-1582715-2022-11-24,2022-11-24
213,हल्ला बोल: गुजरात चुनाव में सद्दाम हुसैन की एंट्री के मायने?,https://www.aajtak.in/programmes/halla-bol/video/assam-cm-himanta-biswa-sarma-targets-rahul-gandhi-look-says-looks-like-saddam-hussein-1581930-2022-11-23,2022-11-23
214,हल्ला बोल: बेरोजगारी पर एक्शन मोड में केंद्र सरकार!,https://www.aajtak.in/programmes/halla-bol/video/prime-minister-narendra-modi-distributed-71k-government-job-appointment-letters-to-youth-1581155-2022-11-22,2022-11-22
215,"हल्ला बोल: 'औकात' वाला चुनाव, PM का हमला या इमोशनल दांव?",https://www.aajtak.in/programmes/halla-bol/video/gujarat-elections-pm-modi-attack-on-congress-over-aukat-remark-of-their-leader-is-it-emotional-bet-1580424-2022-11-21,2022-11-21
216,"AAP पर BJP का एक और स्टिंग, देखिए हल्ला बोल में 'टक्कर'",https://www.aajtak.in/programmes/halla-bol/video/mcd-elections-fight-between-getting-intense-bjp-issued-sting-claiming-aap-leaders-demanded-crores-1578535-2022-11-18,2022-11-18
217,हल्ला बोल: क्या श्रद्धा को मिल पाएगा इंसाफ?,https://www.aajtak.in/programmes/halla-bol/video/delhi-murder-case-will-shraddha-get-justice-delhi-police-in-search-of-evidence-against-aaftab-poonawala-1577790-2022-11-17,2022-11-17
218,हल्ला बोल: गुजरात में बीजेपी-कांग्रेस-आप के बड़े-बड़े दावे,https://www.aajtak.in/programmes/halla-bol/video/gujarat-election-2022-bjp-vs-congress-aap-triangular-contest-asaduddin-owaisi-politics-news-1577006-2022-11-16,2022-11-16
219,हल्ला बोल: BJP फिर वापसी करेगी या कांग्रेस करेगी चमत्कार?,https://www.aajtak.in/programmes/halla-bol/video/gujarat-election-war-in-full-speed-enrollment-for-first-phase-over-congress-bjp-aam-aadmi-party-1575376-2022-11-14,2022-11-14
220,हल्ला बोल: क्या MCD चुनाव में मुद्दों पर चर्चा हो पाएगी?,https://www.aajtak.in/programmes/halla-bol/video/delhi-mcd-election-political-poster-war-bjp-attacks-aam-aadmi-party-referring-to-movie-lootera-1574753-2022-11-13,2022-11-13
221,इंडिया T-20 में 15 साल से चैंपियन क्यों नहीं बन पाई?,https://www.aajtak.in/programmes/halla-bol/video/bcci-made-7-captains-in-different-formats-within-a-year-but-result-did-not-change-in-t20wc-1573539-2022-11-11,2022-11-11
222,हल्ला बोल: गुजरात में BJP का युवा चेहरों पर दांव होगा सफल?,https://www.aajtak.in/programmes/halla-bol/video/gujarat-election-2022-bjp-releases-first-list-of-160-candidates-hardik-patel-congress-aap-1572819-2022-11-10,2022-11-10
223,हल्ला बोल: क्या हिमाचल में टूटेगा '5 साल वाला फॉर्मूला?',https://www.aajtak.in/programmes/halla-bol/video/himachal-election-2022-pm-modi-attacks-congress-in-rally-at-kangra-and-hamirpur-anti-incumbency-trend-1571962-2022-11-09,2022-11-09
224,"पूर्णिमा पर चांद नहीं आ रहा नजर, धर्म की बात या विज्ञान?",https://www.aajtak.in/programmes/halla-bol/video/lunar-eclipse-november-2022-earth-comes-between-moon-and-sun-matter-of-religion-or-just-science-1571185-2022-11-08,2022-11-08
225,हल्ला बोल: क्या गरीबों के लिए आरक्षण के रास्ते खुल गए?,https://www.aajtak.in/programmes/halla-bol/video/supreme-court-decision-regarding-10-percent-reservation-to-poor-of-general-category-approved-1570539-2022-11-07,2022-11-07
226,"हल्ला बोल: RJD की हार का फैक्टर, BJP की B टीम हैं ओवैसी?",https://www.aajtak.in/programmes/halla-bol/video/by-election-results-in-7-assembly-seats-bjp-wins-4-seats-biggest-in-gopalganj-defeated-rjd-1569917-2022-11-06,2022-11-06
227,हल्ला बोल: दिल्ली में प्रदूषण से निजात कैसे और कब?,https://www.aajtak.in/programmes/halla-bol/video/delhi-government-made-several-promises-to-control-pollution-but-all-blown-away-in-deadly-smoke-1568672-2022-11-04,2022-11-04
228,हल्ला बोल: इमरान खान पर हमले में राजनीतिक एंगल?,https://www.aajtak.in/programmes/halla-bol/video/pakistan-former-pm-imran-khan-shot-in-wazirabad-rally-azadi-march-allah-has-given-second-life-political-angle-1567957-2022-11-03,2022-11-03
229,हल्ला बोल: AAP के मंत्री पर आरोपों से चुनावी बिसात?,https://www.aajtak.in/programmes/halla-bol/video/delhi-conman-sukesh-chandrashekhar-accused-jailed-minister-of-aap-satyendar-jain-for-extortion-1566418-2022-11-01,2022-11-01
230,हल्ला बोल: मोरबी हादसे पर हो रही सियासत के मायने क्या?,https://www.aajtak.in/programmes/halla-bol/video/gujarat-opposition-parties-raise-several-questions-over-morbi-bridge-accident-politics-rising-1565630-2022-10-31,2022-10-31
231,हल्ला बोल: क्या मुफ्त की 'रेवड़ी' से मिलेगी जीत की रबड़ी?,https://www.aajtak.in/programmes/halla-bol/video/pm-narendra-modi-raises-questions-on-freebies-culture-of-aam-aadmi-party-bjp-letter-to-ec-1565073-2022-10-30,2022-10-30
232,हल्ला बोल: PM मोदी की तारीफ पर कांग्रेस क्यों आहत?,https://www.aajtak.in/programmes/halla-bol/video/russia-president-vladimir-putin-praised-prime-minister-narendra-modi-calling-him-true-patriot-1564016-2022-10-28,2022-10-28
233,हल्ला बोल: कश्मीर को लेकर BJP के निशाने पर फिर नेहरू ,https://www.aajtak.in/programmes/halla-bol/video/bjp-targets-jawahar-lal-nehru-on-jammu-kashmir-75th-accession-day-1563414-2022-10-27,2022-10-27
234,हल्ला बोल: खड़गे के BJP के ख‍िलाफ तेवर क‍ितने कारगर?,https://www.aajtak.in/programmes/halla-bol/video/mallikarjun-kharge-took-charge-as-the-first-non-gandhi-president-of-congress-1562977-2022-10-26,2022-10-26
235,"ऋषि सुनक की कामयाबी पर दुनिया हैरान, भारत में सियासी घमासान!",https://www.aajtak.in/programmes/halla-bol/video/political-turmoil-begins-in-india-after-rishi-sunak-became-pm-of-britain-mehbooba-mufti-reacts-1562369-2022-10-25,2022-10-25
236,हल्ला बोल: महंगाई को लेकर सरकार पर विपक्ष हमलावर,https://www.aajtak.in/programmes/halla-bol/video/pm-modi-to-launch-rozgar-mela-congress-targets-bjp-on-inflation-unemployment-1546520-2022-10-21,2022-10-21
237,हल्ला बोल: गुजरात-दिल्ली में AAP ने BJP को कर दिया परेशान?,https://www.aajtak.in/programmes/halla-bol/video/amit-shah-targets-aap-says-kejriwal-accepted-that-public-is-confused-by-advertisements-mcd-election-1560173-2022-10-20,2022-10-20
238,हल्ला बोल: नए कांग्रेस अध्यक्ष खड़गे के सामने बड़ी चुनौती ,https://www.aajtak.in/programmes/halla-bol/video/mallikarjun-kharge-becomes-new-congress-president-1559477-2022-10-19,2022-10-19
239,हल्ला बोल: कांग्रेस को राहुल गांधी में राम दिखते हैं?,https://www.aajtak.in/programmes/halla-bol/video/rahul-gandhi-compared-with-lord-rama-rajasthan-minister-parsadi-lal-meena-controversial-statement-1558734-2022-10-18,2022-10-18
240,हल्ला बोल: कांग्रेस का नया कप्तान अच्छे दिन ला पाएगा?,https://www.aajtak.in/programmes/halla-bol/video/congress-president-elections-mallikarjun-kharge-vs-shashi-tharoor-results-to-come-out-on-19th-october-1558035-2022-10-17,2022-10-17
241,हल्ला बोल: दुनिया के लिए पाकिस्तान सबसे बड़ा 'खतरा'!,https://www.aajtak.in/programmes/halla-bol/video/us-president-joe-biden-described-pakistan-most-dangerous-country-for-world-with-nuclear-weapons-1556948-2022-10-15,2022-10-15
242,"हल्ला बोल: गुजरात चुनाव की तैयारी, कौन पड़ेगा भारी?",https://www.aajtak.in/programmes/halla-bol/video/gujarat-elections-preparations-in-full-swing-along-with-bjp-and-congress-aap-also-in-contest-1556331-2022-10-14,2022-10-14
243,"गुजरात चुनाव: नेहरू-पटेल को लेकर सियासी जंग, देखें हल्ला बोल",https://www.aajtak.in/programmes/halla-bol/video/gujarat-election-2022-sardar-patel-vs-jawahar-lal-nehru-kashmir-merger-pm-modi-1555691-2022-10-13,2022-10-13
244,"पीएम मोदी पर निजी हमला, गुजरात में फायदे का फॉर्मूला? ",https://www.aajtak.in/programmes/halla-bol/video/personal-attack-on-pm-modi-ahead-of-gujarat-assembly-election-2022-aap-vs-bjp-1554885-2022-10-12,2022-10-12
245,हल्ला बोल: देखिए महाकाल लोक के उद्घाटन पर लगातार कवरेज,https://www.aajtak.in/programmes/halla-bol/video/prime-minister-narendra-modi-arrived-in-ujjain-city-of-mahakal-to-inaugurate-lok-corridor-temple-premises-1554132-2022-10-11,2022-10-11
246,"हल्ला बोल: गुजरात में अर्बन नक्सल वाला दांव, कौन भारी?",https://www.aajtak.in/programmes/halla-bol/video/gujarat-bharuch-prime-minister-narendra-modi-advised-people-to-beware-of-urban-naxalites-aap-1553423-2022-10-10,2022-10-10
247,हल्ला बोल: क्या जनसंख्या नियंत्रण कानून की जरूरत है?,https://www.aajtak.in/programmes/halla-bol/video/vijayadashami-festival-nagpur-rss-chief-mohan-bhagwat-suggest-government-for-population-control-policy-1552223-2022-10-08,2022-10-08
248,"हल्ला बोल: 'भारत जोड़ो यात्रा' का महीना एक, विवाद अनेक!",https://www.aajtak.in/programmes/halla-bol/video/congress-bharat-jodo-yatra-rahul-gandhi-political-mission-started-from-kanyakumari-reached-karnataka-1551657-2022-10-07,2022-10-07
249,हल्ला बोल: दशहरा रैली में उद्धव बनाम शिंदे की सियासी जंग,https://www.aajtak.in/programmes/halla-bol/video/maharashtra-shiv-sena-dussehra-rallies-uddhav-thackeray-and-eknath-shinde-news-in-hindi-1550952-2022-10-06,2022-10-06
250,"हल्ला बोल: जनसंख्या पर RSS प्रमुख का बयान, सियासी घमासान",https://www.aajtak.in/programmes/halla-bol/video/rss-chief-mohan-bhagwat-says-religion-based-population-imbalance-cant-be-ignored-at-dussehra-event-1550267-2022-10-05,2022-10-05
251,"हल्ला बोल: आदिपुरुष या 'विवाद पुरुष', ऐसी आजादी सही?",https://www.aajtak.in/programmes/halla-bol/video/boycott-bollywood-campaign-adipurush-entered-this-controversy-teaser-of-film-brought-many-questions-1549687-2022-10-04,2022-10-04
252,"हल्ला बोल: फिर भ्रष्टाचार का शोर, कौन 40% वाले चोर? ",https://www.aajtak.in/programmes/halla-bol/video/rahul-gandhi-reached-karnataka-in-bharat-jodo-yatra-calls-bjp-and-its-government-as-40-percent-thieves-1549023-2022-10-03,2022-10-03
253,"हल्ला बोल: नवरात्रि में नेताओं की भरमार, गरबा सियासत!",https://www.aajtak.in/programmes/halla-bol/video/garba-politics-is-visible-in-gujarat-state-stands-on-threshold-of-assembly-elections-aap-vs-bjp-1548433-2022-10-02,2022-10-02
254,हल्ला बोल: कट्टरपंथी संगठन पर बैन को लेकर सियासत क्यों?  ,https://www.aajtak.in/programmes/halla-bol/video/home-ministry-of-india-banned-pfi-for-five-years-on-basis-of-strong-evidence-of-terror-funding-1547977-2022-10-01,2022-10-01
255,हल्ला बोल: कांग्रेस अध्यक्ष की रेस में खड़गे सबसे आगे?,https://www.aajtak.in/programmes/halla-bol/video/congress-party-leaders-claiming-that-neither-candidate-belongs-to-gandhi-family-kharge-vs-tharoor-1547425-2022-09-30,2022-09-30
256,कैसे होगा कांग्रेस में जारी सियासी घमासान का अंत? देखें हल्लाबोल,https://www.aajtak.in/programmes/halla-bol/video/who-will-be-the-next-congress-president-election-know-after-two-days-sonia-gandhi-1546813-2022-09-29,2022-09-29
257,PFI बैन... सियासत बेचैन! आखिर हंगामा क्यों? देखें हल्ला बोल,https://www.aajtak.in/programmes/halla-bol/video/pfi-banned-for-five-years-stirred-politics-between-rss-and-opposition-political-news-1546190-2022-09-28,2022-09-28
258,हल्ला बोल: गहलोत के खेल में विधायकों को आलाकमान का डर?,https://www.aajtak.in/programmes/halla-bol/video/ashok-gehlot-spoken-to-sonia-gandhi-then-sachin-pilot-reached-delhi-congress-observers-sent-to-rajasthan-1545494-2022-09-27,2022-09-27
259,हल्ला बोल: कांग्रेस आलाकमान को गहलोत की सीधी चुनौती!,https://www.aajtak.in/programmes/halla-bol/video/ashok-gehlot-gave-direct-challenge-to-gandhi-family-refused-to-accept-decision-of-high-command-1544842-2022-09-26,2022-09-26
260,हल्ला बोल: राजस्थान CM के लिए होगा किसके नाम का ऐलान?,https://www.aajtak.in/programmes/halla-bol/video/congress-rajasthan-tremendous-stir-uproar-over-chief-minister-post-internal-tussle-gehlot-vs-pilot-1544276-2022-09-25,2022-09-25
261,"हल्ला बोल: दलील और सुनवाई पूरी, हिजाब पर फैसले की बारी?",https://www.aajtak.in/programmes/halla-bol/video/hijab-case-hearing-lasted-for-10-days-in-supreme-court-muslim-side-karnataka-government-argued-1543794-2022-09-24,2022-09-24
262,हल्ला बोल: क्या है नीतीश के खिलाफ बीजेपी की तैयारी?,https://www.aajtak.in/programmes/halla-bol/video/amit-shah-is-on-two-day-tour-of-bihar-started-from-seemanchal-where-aimim-won-five-seats-in-assembly-elections-1543238-2022-09-23,2022-09-23
263,"गहलोत, थरूर, या राहुल गांधी, कौन होगा कांग्रेस का अध्यक्ष? ",https://www.aajtak.in/programmes/halla-bol/video/congress-president-election-to-held-soon-in-delhi-gehlot-shashi-tharoor-to-contest-1542557-2022-09-22,2022-09-22
264,"हल्ला बोल: सीएम और कांग्रेस अध्यक्ष पद एक साथ, बनेगी गहलोत की बात?",https://www.aajtak.in/programmes/halla-bol/video/congress-president-elections-stirred-huge-politics-will-ashok-gehlot-leave-rajasthan-cm-post-1541917-2022-09-21,2022-09-21
265,हल्ला बोल: कांग्रेस अध्यक्ष गांधी परिवार से नहीं होगा?,https://www.aajtak.in/programmes/halla-bol/video/congress-party-new-president-will-there-be-tussle-between-g-23-and-gandhi-family-trustees-in-election-1541190-2022-09-20,2022-09-20
266,हल्ला बोल: कांग्रेस में भगदड़ के लिए BJP जिम्मेदार? ,https://www.aajtak.in/programmes/halla-bol/video/will-rahul-gandhi-be-able-to-become-boatman-of-congress-party-sinking-boat-several-leaders-left-1540517-2022-09-19,2022-09-19
267,"हल्ला बोल: दारुल उलूम को स्वीकार, ओवैसी को क्यों इंकार?",https://www.aajtak.in/programmes/halla-bol/video/amidst-ongoing-politics-on-survey-of-madrasas-largest-muslim-organization-darul-support-yogi-government-1539897-2022-09-18,2022-09-18
268,हल्ला बोल: चीते की भारत वापसी पर सियासत आर पार,https://www.aajtak.in/programmes/halla-bol/video/congress-raised-questions-on-project-cheetah-saying-they-had-started-the-process-modi-diverts-attention-1539376-2022-09-17,2022-09-17
269,"हल्ला बोल: मोदी के नाम पर, विपक्ष का 'विरोध' काम पर?",https://www.aajtak.in/programmes/halla-bol/video/sco-summit-prime-minister-modi-showing-power-of-india-on-world-stage-congress-leaders-excuse-to-protest-1538816-2022-09-16,2022-09-16
270,कौन हैं लखीमपुर में डबल मर्डर को अंजाम देने वाले 6 आरोपी? ,https://www.aajtak.in/programmes/halla-bol/video/lakhimpur-kheri-sisters-double-murder-by-6-minor-rape-and-hanged-to-tree-1538167-2022-09-15,2022-09-15
271," बिहार में बनी महागठबंधन सरकार, अपराधियों ने की हद पार!",https://www.aajtak.in/programmes/halla-bol/video/bihar-begusarai-open-firing-on-common-people-jungleraj-nitish-kumar-government-1537429-2022-09-14,2022-09-14
272,हल्ला बोल: क्या भारत जोड़ो यात्रा विपक्ष को तोड़ रही है?,https://www.aajtak.in/programmes/halla-bol/video/congress-bharat-jodo-yatra-18-day-halt-not-being-liked-by-left-front-which-is-in-state-power-debate-1536760-2022-09-13,2022-09-13
